{
"type": "FeatureCollection",
"name": "ams2",
"crs": { "type": "name", "properties": { "name": "urn:ogc:def:crs:OGC:1.3:CRS84" } },
"features": [
{ "type": "Feature", "properties": { "Name": "PH-NXH", "description": null, "timestamp": null, "begin": "2025-05-24T11:24:59.393Z", "end": "2025-05-24T13:41:05.445Z", "altitudeMode": null, "tessellate": -1, "extrude": 0, "visibility": -1, "drawOrder": null, "icon": null, "vertex_index": 0, "vertex_part": 0, "vertex_part_index": 0, "distance": 0.0, "angle": 90.0 }, "geometry": { "type": "Point", "coordinates": [ 14.297582, 40.889205, 158.0 ] } },
{ "type": "Feature", "properties": { "Name": "PH-NXH", "description": null, "timestamp": null, "begin": "2025-05-24T11:24:59.393Z", "end": "2025-05-24T13:41:05.445Z", "altitudeMode": null, "tessellate": -1, "extrude": 0, "visibility": -1, "drawOrder": null, "icon": null, "vertex_index": 1, "vertex_part": 0, "vertex_part_index": 1, "distance": 0.0, "angle": 77.995678966595975 }, "geometry": { "type": "Point", "coordinates": [ 14.297582, 40.889205, 158.0 ] } },
{ "type": "Feature", "properties": { "Name": "PH-NXH", "description": null, "timestamp": null, "begin": "2025-05-24T11:24:59.393Z", "end": "2025-05-24T13:41:05.445Z", "altitudeMode": null, "tessellate": -1, "extrude": 0, "visibility": -1, "drawOrder": null, "icon": null, "vertex_index": 2, "vertex_part": 0, "vertex_part_index": 2, "distance": 0.00176467220752, "angle": 65.710860131294439 }, "geometry": { "type": "Point", "coordinates": [ 14.299194, 40.889923, 188.0 ] } },
{ "type": "Feature", "properties": { "Name": "PH-NXH", "description": null, "timestamp": null, "begin": "2025-05-24T11:24:59.393Z", "end": "2025-05-24T13:41:05.445Z", "altitudeMode": null, "tessellate": -1, "extrude": 0, "visibility": -1, "drawOrder": null, "icon": null, "vertex_index": 3, "vertex_part": 0, "vertex_part_index": 3, "distance": 0.0041793009574499999, "angle": 64.848360943922756 }, "geometry": { "type": "Point", "coordinates": [ 14.30139, 40.890927, 234.0 ] } },
{ "type": "Feature", "properties": { "Name": "PH-NXH", "description": null, "timestamp": null, "begin": "2025-05-24T11:24:59.393Z", "end": "2025-05-24T13:41:05.445Z", "altitudeMode": null, "tessellate": -1, "extrude": 0, "visibility": -1, "drawOrder": null, "icon": null, "vertex_index": 4, "vertex_part": 0, "vertex_part_index": 4, "distance": 0.0058744189474499997, "angle": 64.587033193022975 }, "geometry": { "type": "Point", "coordinates": [ 14.302917, 40.891663, 264.0 ] } },
{ "type": "Feature", "properties": { "Name": "PH-NXH", "description": null, "timestamp": null, "begin": "2025-05-24T11:24:59.393Z", "end": "2025-05-24T13:41:05.445Z", "altitudeMode": null, "tessellate": -1, "extrude": 0, "visibility": -1, "drawOrder": null, "icon": null, "vertex_index": 5, "vertex_part": 0, "vertex_part_index": 5, "distance": 0.0080320428720499996, "angle": 63.815652782439457 }, "geometry": { "type": "Point", "coordinates": [ 14.304871, 40.892578, 295.0 ] } },
{ "type": "Feature", "properties": { "Name": "PH-NXH", "description": null, "timestamp": null, "begin": "2025-05-24T11:24:59.393Z", "end": "2025-05-24T13:41:05.445Z", "altitudeMode": null, "tessellate": -1, "extrude": 0, "visibility": -1, "drawOrder": null, "icon": null, "vertex_index": 6, "vertex_part": 0, "vertex_part_index": 6, "distance": 0.01022937261517, "angle": 63.509668039365259 }, "geometry": { "type": "Point", "coordinates": [ 14.306824, 40.893585, 325.0 ] } },
{ "type": "Feature", "properties": { "Name": "PH-NXH", "description": null, "timestamp": null, "begin": "2025-05-24T11:24:59.393Z", "end": "2025-05-24T13:41:05.445Z", "altitudeMode": null, "tessellate": -1, "extrude": 0, "visibility": -1, "drawOrder": null, "icon": null, "vertex_index": 7, "vertex_part": 0, "vertex_part_index": 7, "distance": 0.01258108709614, "angle": 63.339149409777598 }, "geometry": { "type": "Point", "coordinates": [ 14.308943, 40.894605, 356.0 ] } },
{ "type": "Feature", "properties": { "Name": "PH-NXH", "description": null, "timestamp": null, "begin": "2025-05-24T11:24:59.393Z", "end": "2025-05-24T13:41:05.445Z", "altitudeMode": null, "tessellate": -1, "extrude": 0, "visibility": -1, "drawOrder": null, "icon": null, "vertex_index": 8, "vertex_part": 0, "vertex_part_index": 8, "distance": 0.014529030883830001, "angle": 62.756912633767143 }, "geometry": { "type": "Point", "coordinates": [ 14.310669, 40.895508, 386.0 ] } },
{ "type": "Feature", "properties": { "Name": "PH-NXH", "description": null, "timestamp": null, "begin": "2025-05-24T11:24:59.393Z", "end": "2025-05-24T13:41:05.445Z", "altitudeMode": null, "tessellate": -1, "extrude": 0, "visibility": -1, "drawOrder": null, "icon": null, "vertex_index": 9, "vertex_part": 0, "vertex_part_index": 9, "distance": 0.017060295389960001, "angle": 62.836556454940762 }, "geometry": { "type": "Point", "coordinates": [ 14.312927, 40.896652, 417.0 ] } },
{ "type": "Feature", "properties": { "Name": "PH-NXH", "description": null, "timestamp": null, "begin": "2025-05-24T11:24:59.393Z", "end": "2025-05-24T13:41:05.445Z", "altitudeMode": null, "tessellate": -1, "extrude": 0, "visibility": -1, "drawOrder": null, "icon": null, "vertex_index": 10, "vertex_part": 0, "vertex_part_index": 10, "distance": 0.01918347625837, "angle": 62.412028536290798 }, "geometry": { "type": "Point", "coordinates": [ 14.314811, 40.897631, 440.0 ] } },
{ "type": "Feature", "properties": { "Name": "PH-NXH", "description": null, "timestamp": null, "begin": "2025-05-24T11:24:59.393Z", "end": "2025-05-24T13:41:05.445Z", "altitudeMode": null, "tessellate": -1, "extrude": 0, "visibility": -1, "drawOrder": null, "icon": null, "vertex_index": 11, "vertex_part": 0, "vertex_part_index": 11, "distance": 0.02160652268797, "angle": 62.798251254268777 }, "geometry": { "type": "Point", "coordinates": [ 14.316956, 40.898758, 470.0 ] } },
{ "type": "Feature", "properties": { "Name": "PH-NXH", "description": null, "timestamp": null, "begin": "2025-05-24T11:24:59.393Z", "end": "2025-05-24T13:41:05.445Z", "altitudeMode": null, "tessellate": -1, "extrude": 0, "visibility": -1, "drawOrder": null, "icon": null, "vertex_index": 12, "vertex_part": 0, "vertex_part_index": 12, "distance": 0.025004459120570002, "angle": 63.62989315879846 }, "geometry": { "type": "Point", "coordinates": [ 14.319992, 40.900284, 508.0 ] } },
{ "type": "Feature", "properties": { "Name": "PH-NXH", "description": null, "timestamp": null, "begin": "2025-05-24T11:24:59.393Z", "end": "2025-05-24T13:41:05.445Z", "altitudeMode": null, "tessellate": -1, "extrude": 0, "visibility": -1, "drawOrder": null, "icon": null, "vertex_index": 13, "vertex_part": 0, "vertex_part_index": 13, "distance": 0.027262977440180001, "angle": 63.982631797109903 }, "geometry": { "type": "Point", "coordinates": [ 14.322021, 40.901276, 524.0 ] } },
{ "type": "Feature", "properties": { "Name": "PH-NXH", "description": null, "timestamp": null, "begin": "2025-05-24T11:24:59.393Z", "end": "2025-05-24T13:41:05.445Z", "altitudeMode": null, "tessellate": -1, "extrude": 0, "visibility": -1, "drawOrder": null, "icon": null, "vertex_index": 14, "vertex_part": 0, "vertex_part_index": 14, "distance": 0.028621235883920002, "angle": 64.081616342152245 }, "geometry": { "type": "Point", "coordinates": [ 14.323242, 40.901871, 524.0 ] } },
{ "type": "Feature", "properties": { "Name": "PH-NXH", "description": null, "timestamp": null, "begin": "2025-05-24T11:24:59.393Z", "end": "2025-05-24T13:41:05.445Z", "altitudeMode": null, "tessellate": -1, "extrude": 0, "visibility": -1, "drawOrder": null, "icon": null, "vertex_index": 15, "vertex_part": 0, "vertex_part_index": 15, "distance": 0.030212543522320001, "angle": 64.884345950918302 }, "geometry": { "type": "Point", "coordinates": [ 14.324674, 40.902565, 531.0 ] } },
{ "type": "Feature", "properties": { "Name": "PH-NXH", "description": null, "timestamp": null, "begin": "2025-05-24T11:24:59.393Z", "end": "2025-05-24T13:41:05.445Z", "altitudeMode": null, "tessellate": -1, "extrude": 0, "visibility": -1, "drawOrder": null, "icon": null, "vertex_index": 16, "vertex_part": 0, "vertex_part_index": 16, "distance": 0.032131597455900003, "angle": 65.499009819492144 }, "geometry": { "type": "Point", "coordinates": [ 14.326422, 40.903357, 539.0 ] } },
{ "type": "Feature", "properties": { "Name": "PH-NXH", "description": null, "timestamp": null, "begin": "2025-05-24T11:24:59.393Z", "end": "2025-05-24T13:41:05.445Z", "altitudeMode": null, "tessellate": -1, "extrude": 0, "visibility": -1, "drawOrder": null, "icon": null, "vertex_index": 17, "vertex_part": 0, "vertex_part_index": 17, "distance": 0.03391700077168, "angle": 65.778799587806773 }, "geometry": { "type": "Point", "coordinates": [ 14.328045, 40.904101, 546.0 ] } },
{ "type": "Feature", "properties": { "Name": "PH-NXH", "description": null, "timestamp": null, "begin": "2025-05-24T11:24:59.393Z", "end": "2025-05-24T13:41:05.445Z", "altitudeMode": null, "tessellate": -1, "extrude": 0, "visibility": -1, "drawOrder": null, "icon": null, "vertex_index": 18, "vertex_part": 0, "vertex_part_index": 18, "distance": 0.035417788897970003, "angle": 65.503795483658521 }, "geometry": { "type": "Point", "coordinates": [ 14.329418, 40.904707, 546.0 ] } },
{ "type": "Feature", "properties": { "Name": "PH-NXH", "description": null, "timestamp": null, "begin": "2025-05-24T11:24:59.393Z", "end": "2025-05-24T13:41:05.445Z", "altitudeMode": null, "tessellate": -1, "extrude": 0, "visibility": -1, "drawOrder": null, "icon": null, "vertex_index": 19, "vertex_part": 0, "vertex_part_index": 19, "distance": 0.036821109602579997, "angle": 64.849464029578726 }, "geometry": { "type": "Point", "coordinates": [ 14.330688, 40.905304, 546.0 ] } },
{ "type": "Feature", "properties": { "Name": "PH-NXH", "description": null, "timestamp": null, "begin": "2025-05-24T11:24:59.393Z", "end": "2025-05-24T13:41:05.445Z", "altitudeMode": null, "tessellate": -1, "extrude": 0, "visibility": -1, "drawOrder": null, "icon": null, "vertex_index": 20, "vertex_part": 0, "vertex_part_index": 20, "distance": 0.03843919303677, "angle": 64.952545962979343 }, "geometry": { "type": "Point", "coordinates": [ 14.332153, 40.905991, 554.0 ] } },
{ "type": "Feature", "properties": { "Name": "PH-NXH", "description": null, "timestamp": null, "begin": "2025-05-24T11:24:59.393Z", "end": "2025-05-24T13:41:05.445Z", "altitudeMode": null, "tessellate": -1, "extrude": 0, "visibility": -1, "drawOrder": null, "icon": null, "vertex_index": 21, "vertex_part": 0, "vertex_part_index": 21, "distance": 0.04093113705701, "angle": 64.752994703918574 }, "geometry": { "type": "Point", "coordinates": [ 14.334412, 40.907043, 554.0 ] } },
{ "type": "Feature", "properties": { "Name": "PH-NXH", "description": null, "timestamp": null, "begin": "2025-05-24T11:24:59.393Z", "end": "2025-05-24T13:41:05.445Z", "altitudeMode": null, "tessellate": -1, "extrude": 0, "visibility": -1, "drawOrder": null, "icon": null, "vertex_index": 22, "vertex_part": 0, "vertex_part_index": 22, "distance": 0.04390649401038, "angle": 64.484220517350678 }, "geometry": { "type": "Point", "coordinates": [ 14.337097, 40.908325, 569.0 ] } },
{ "type": "Feature", "properties": { "Name": "PH-NXH", "description": null, "timestamp": null, "begin": "2025-05-24T11:24:59.393Z", "end": "2025-05-24T13:41:05.445Z", "altitudeMode": null, "tessellate": -1, "extrude": 0, "visibility": -1, "drawOrder": null, "icon": null, "vertex_index": 23, "vertex_part": 0, "vertex_part_index": 23, "distance": 0.046138021962260002, "angle": 64.783604622120706 }, "geometry": { "type": "Point", "coordinates": [ 14.339111, 40.909286, 577.0 ] } },
{ "type": "Feature", "properties": { "Name": "PH-NXH", "description": null, "timestamp": null, "begin": "2025-05-24T11:24:59.393Z", "end": "2025-05-24T13:41:05.445Z", "altitudeMode": null, "tessellate": -1, "extrude": 0, "visibility": -1, "drawOrder": null, "icon": null, "vertex_index": 24, "vertex_part": 0, "vertex_part_index": 24, "distance": 0.048527569618199998, "angle": 65.377808221198805 }, "geometry": { "type": "Point", "coordinates": [ 14.341278, 40.910293, 592.0 ] } },
{ "type": "Feature", "properties": { "Name": "PH-NXH", "description": null, "timestamp": null, "begin": "2025-05-24T11:24:59.393Z", "end": "2025-05-24T13:41:05.445Z", "altitudeMode": null, "tessellate": -1, "extrude": 0, "visibility": -1, "drawOrder": null, "icon": null, "vertex_index": 25, "vertex_part": 0, "vertex_part_index": 25, "distance": 0.05078818037637, "angle": 65.186550475727813 }, "geometry": { "type": "Point", "coordinates": [ 14.343338, 40.911224, 607.0 ] } },
{ "type": "Feature", "properties": { "Name": "PH-NXH", "description": null, "timestamp": null, "begin": "2025-05-24T11:24:59.393Z", "end": "2025-05-24T13:41:05.445Z", "altitudeMode": null, "tessellate": -1, "extrude": 0, "visibility": -1, "drawOrder": null, "icon": null, "vertex_index": 26, "vertex_part": 0, "vertex_part_index": 26, "distance": 0.053618830655020003, "angle": 64.623581316465433 }, "geometry": { "type": "Point", "coordinates": [ 14.345897, 40.912434, 638.0 ] } },
{ "type": "Feature", "properties": { "Name": "PH-NXH", "description": null, "timestamp": null, "begin": "2025-05-24T11:24:59.393Z", "end": "2025-05-24T13:41:05.445Z", "altitudeMode": null, "tessellate": -1, "extrude": 0, "visibility": -1, "drawOrder": null, "icon": null, "vertex_index": 27, "vertex_part": 0, "vertex_part_index": 27, "distance": 0.057054086104040003, "angle": 64.719139117668135 }, "geometry": { "type": "Point", "coordinates": [ 14.348999, 40.91391, 661.0 ] } },
{ "type": "Feature", "properties": { "Name": "PH-NXH", "description": null, "timestamp": null, "begin": "2025-05-24T11:24:59.393Z", "end": "2025-05-24T13:41:05.445Z", "altitudeMode": null, "tessellate": -1, "extrude": 0, "visibility": -1, "drawOrder": null, "icon": null, "vertex_index": 28, "vertex_part": 0, "vertex_part_index": 28, "distance": 0.061367947135639998, "angle": 65.494626033415216 }, "geometry": { "type": "Point", "coordinates": [ 14.352905, 40.915741, 691.0 ] } },
{ "type": "Feature", "properties": { "Name": "PH-NXH", "description": null, "timestamp": null, "begin": "2025-05-24T11:24:59.393Z", "end": "2025-05-24T13:41:05.445Z", "altitudeMode": null, "tessellate": -1, "extrude": 0, "visibility": -1, "drawOrder": null, "icon": null, "vertex_index": 29, "vertex_part": 0, "vertex_part_index": 29, "distance": 0.064305751758149995, "angle": 65.477890671437123 }, "geometry": { "type": "Point", "coordinates": [ 14.355591, 40.916931, 729.0 ] } },
{ "type": "Feature", "properties": { "Name": "PH-NXH", "description": null, "timestamp": null, "begin": "2025-05-24T11:24:59.393Z", "end": "2025-05-24T13:41:05.445Z", "altitudeMode": null, "tessellate": -1, "extrude": 0, "visibility": -1, "drawOrder": null, "icon": null, "vertex_index": 30, "vertex_part": 0, "vertex_part_index": 30, "distance": 0.067527120566589993, "angle": 65.224787198580927 }, "geometry": { "type": "Point", "coordinates": [ 14.358507, 40.9183, 760.0 ] } },
{ "type": "Feature", "properties": { "Name": "PH-NXH", "description": null, "timestamp": null, "begin": "2025-05-24T11:24:59.393Z", "end": "2025-05-24T13:41:05.445Z", "altitudeMode": null, "tessellate": -1, "extrude": 0, "visibility": -1, "drawOrder": null, "icon": null, "vertex_index": 31, "vertex_part": 0, "vertex_part_index": 31, "distance": 0.069754043106780003, "angle": 65.347346253717774 }, "geometry": { "type": "Point", "coordinates": [ 14.360535, 40.91922, 783.0 ] } },
{ "type": "Feature", "properties": { "Name": "PH-NXH", "description": null, "timestamp": null, "begin": "2025-05-24T11:24:59.393Z", "end": "2025-05-24T13:41:05.445Z", "altitudeMode": null, "tessellate": -1, "extrude": 0, "visibility": -1, "drawOrder": null, "icon": null, "vertex_index": 32, "vertex_part": 0, "vertex_part_index": 32, "distance": 0.071991051153249996, "angle": 65.137342517469278 }, "geometry": { "type": "Point", "coordinates": [ 14.362564, 40.920162, 821.0 ] } },
{ "type": "Feature", "properties": { "Name": "PH-NXH", "description": null, "timestamp": null, "begin": "2025-05-24T11:24:59.393Z", "end": "2025-05-24T13:41:05.445Z", "altitudeMode": null, "tessellate": -1, "extrude": 0, "visibility": -1, "drawOrder": null, "icon": null, "vertex_index": 33, "vertex_part": 0, "vertex_part_index": 33, "distance": 0.07432792984073, "angle": 65.483974098544422 }, "geometry": { "type": "Point", "coordinates": [ 14.364685, 40.921143, 851.0 ] } },
{ "type": "Feature", "properties": { "Name": "PH-NXH", "description": null, "timestamp": null, "begin": "2025-05-24T11:24:59.393Z", "end": "2025-05-24T13:41:05.445Z", "altitudeMode": null, "tessellate": -1, "extrude": 0, "visibility": -1, "drawOrder": null, "icon": null, "vertex_index": 34, "vertex_part": 0, "vertex_part_index": 34, "distance": 0.076929778798689993, "angle": 65.088015139093216 }, "geometry": { "type": "Point", "coordinates": [ 14.367058, 40.92221, 897.0 ] } },
{ "type": "Feature", "properties": { "Name": "PH-NXH", "description": null, "timestamp": null, "begin": "2025-05-24T11:24:59.393Z", "end": "2025-05-24T13:41:05.445Z", "altitudeMode": null, "tessellate": -1, "extrude": 0, "visibility": -1, "drawOrder": null, "icon": null, "vertex_index": 35, "vertex_part": 0, "vertex_part_index": 35, "distance": 0.078868269964519996, "angle": 65.423333489161962 }, "geometry": { "type": "Point", "coordinates": [ 14.368806, 40.923048, 912.0 ] } },
{ "type": "Feature", "properties": { "Name": "PH-NXH", "description": null, "timestamp": null, "begin": "2025-05-24T11:24:59.393Z", "end": "2025-05-24T13:41:05.445Z", "altitudeMode": null, "tessellate": -1, "extrude": 0, "visibility": -1, "drawOrder": null, "icon": null, "vertex_index": 36, "vertex_part": 0, "vertex_part_index": 36, "distance": 0.080630958819650003, "angle": 65.612705516089406 }, "geometry": { "type": "Point", "coordinates": [ 14.370422, 40.923752, 943.0 ] } },
{ "type": "Feature", "properties": { "Name": "PH-NXH", "description": null, "timestamp": null, "begin": "2025-05-24T11:24:59.393Z", "end": "2025-05-24T13:41:05.445Z", "altitudeMode": null, "tessellate": -1, "extrude": 0, "visibility": -1, "drawOrder": null, "icon": null, "vertex_index": 37, "vertex_part": 0, "vertex_part_index": 37, "distance": 0.082364378849530004, "angle": 64.96104786348296 }, "geometry": { "type": "Point", "coordinates": [ 14.37199, 40.924491, 965.0 ] } },
{ "type": "Feature", "properties": { "Name": "PH-NXH", "description": null, "timestamp": null, "begin": "2025-05-24T11:24:59.393Z", "end": "2025-05-24T13:41:05.445Z", "altitudeMode": null, "tessellate": -1, "extrude": 0, "visibility": -1, "drawOrder": null, "icon": null, "vertex_index": 38, "vertex_part": 0, "vertex_part_index": 38, "distance": 0.084358957501769999, "angle": 65.761973292573145 }, "geometry": { "type": "Point", "coordinates": [ 14.3738, 40.925329, 988.0 ] } },
{ "type": "Feature", "properties": { "Name": "PH-NXH", "description": null, "timestamp": null, "begin": "2025-05-24T11:24:59.393Z", "end": "2025-05-24T13:41:05.445Z", "altitudeMode": null, "tessellate": -1, "extrude": 0, "visibility": -1, "drawOrder": null, "icon": null, "vertex_index": 39, "vertex_part": 0, "vertex_part_index": 39, "distance": 0.086334650797809998, "angle": 66.386392990076658 }, "geometry": { "type": "Point", "coordinates": [ 14.37561, 40.926121, 1034.0 ] } },
{ "type": "Feature", "properties": { "Name": "PH-NXH", "description": null, "timestamp": null, "begin": "2025-05-24T11:24:59.393Z", "end": "2025-05-24T13:41:05.445Z", "altitudeMode": null, "tessellate": -1, "extrude": 0, "visibility": -1, "drawOrder": null, "icon": null, "vertex_index": 40, "vertex_part": 0, "vertex_part_index": 40, "distance": 0.088310859794860003, "angle": 66.399679785804921 }, "geometry": { "type": "Point", "coordinates": [ 14.377421, 40.926912, 1049.0 ] } },
{ "type": "Feature", "properties": { "Name": "PH-NXH", "description": null, "timestamp": null, "begin": "2025-05-24T11:24:59.393Z", "end": "2025-05-24T13:41:05.445Z", "altitudeMode": null, "tessellate": -1, "extrude": 0, "visibility": -1, "drawOrder": null, "icon": null, "vertex_index": 41, "vertex_part": 0, "vertex_part_index": 41, "distance": 0.090286152431409999, "angle": 65.626898923403303 }, "geometry": { "type": "Point", "coordinates": [ 14.379231, 40.927703, 1087.0 ] } },
{ "type": "Feature", "properties": { "Name": "PH-NXH", "description": null, "timestamp": null, "begin": "2025-05-24T11:24:59.393Z", "end": "2025-05-24T13:41:05.445Z", "altitudeMode": null, "tessellate": -1, "extrude": 0, "visibility": -1, "drawOrder": null, "icon": null, "vertex_index": 42, "vertex_part": 0, "vertex_part_index": 42, "distance": 0.092084507235109997, "angle": 65.202201961609134 }, "geometry": { "type": "Point", "coordinates": [ 14.380859, 40.928467, 1118.0 ] } },
{ "type": "Feature", "properties": { "Name": "PH-NXH", "description": null, "timestamp": null, "begin": "2025-05-24T11:24:59.393Z", "end": "2025-05-24T13:41:05.445Z", "altitudeMode": null, "tessellate": -1, "extrude": 0, "visibility": -1, "drawOrder": null, "icon": null, "vertex_index": 43, "vertex_part": 0, "vertex_part_index": 43, "distance": 0.093724656618550006, "angle": 65.511863623355225 }, "geometry": { "type": "Point", "coordinates": [ 14.382352, 40.929146, 1148.0 ] } },
{ "type": "Feature", "properties": { "Name": "PH-NXH", "description": null, "timestamp": null, "begin": "2025-05-24T11:24:59.393Z", "end": "2025-05-24T13:41:05.445Z", "altitudeMode": null, "tessellate": -1, "extrude": 0, "visibility": -1, "drawOrder": null, "icon": null, "vertex_index": 44, "vertex_part": 0, "vertex_part_index": 44, "distance": 0.096194400329949997, "angle": 65.391420302025296 }, "geometry": { "type": "Point", "coordinates": [ 14.384599, 40.930171, 1179.0 ] } },
{ "type": "Feature", "properties": { "Name": "PH-NXH", "description": null, "timestamp": null, "begin": "2025-05-24T11:24:59.393Z", "end": "2025-05-24T13:41:05.445Z", "altitudeMode": null, "tessellate": -1, "extrude": 0, "visibility": -1, "drawOrder": null, "icon": null, "vertex_index": 45, "vertex_part": 0, "vertex_part_index": 45, "distance": 0.097922458199349999, "angle": 65.445639552058637 }, "geometry": { "type": "Point", "coordinates": [ 14.386169, 40.930893, 1202.0 ] } },
{ "type": "Feature", "properties": { "Name": "PH-NXH", "description": null, "timestamp": null, "begin": "2025-05-24T11:24:59.393Z", "end": "2025-05-24T13:41:05.445Z", "altitudeMode": null, "tessellate": -1, "extrude": 0, "visibility": -1, "drawOrder": null, "icon": null, "vertex_index": 46, "vertex_part": 0, "vertex_part_index": 46, "distance": 0.10047024331588, "angle": 65.481611075221721 }, "geometry": { "type": "Point", "coordinates": [ 14.388489, 40.931946, 1232.0 ] } },
{ "type": "Feature", "properties": { "Name": "PH-NXH", "description": null, "timestamp": null, "begin": "2025-05-24T11:24:59.393Z", "end": "2025-05-24T13:41:05.445Z", "altitudeMode": null, "tessellate": -1, "extrude": 0, "visibility": -1, "drawOrder": null, "icon": null, "vertex_index": 47, "vertex_part": 0, "vertex_part_index": 47, "distance": 0.10288703002554, "angle": 65.573245400555038 }, "geometry": { "type": "Point", "coordinates": [ 14.390686, 40.932953, 1255.0 ] } },
{ "type": "Feature", "properties": { "Name": "PH-NXH", "description": null, "timestamp": null, "begin": "2025-05-24T11:24:59.393Z", "end": "2025-05-24T13:41:05.445Z", "altitudeMode": null, "tessellate": -1, "extrude": 0, "visibility": -1, "drawOrder": null, "icon": null, "vertex_index": 48, "vertex_part": 0, "vertex_part_index": 48, "distance": 0.10489489879614999, "angle": 65.299154761561439 }, "geometry": { "type": "Point", "coordinates": [ 14.392517, 40.933777, 1286.0 ] } },
{ "type": "Feature", "properties": { "Name": "PH-NXH", "description": null, "timestamp": null, "begin": "2025-05-24T11:24:59.393Z", "end": "2025-05-24T13:41:05.445Z", "altitudeMode": null, "tessellate": -1, "extrude": 0, "visibility": -1, "drawOrder": null, "icon": null, "vertex_index": 49, "vertex_part": 0, "vertex_part_index": 49, "distance": 0.10725062119066001, "angle": 65.018487098859296 }, "geometry": { "type": "Point", "coordinates": [ 14.394649, 40.934779, 1316.0 ] } },
{ "type": "Feature", "properties": { "Name": "PH-NXH", "description": null, "timestamp": null, "begin": "2025-05-24T11:24:59.393Z", "end": "2025-05-24T13:41:05.445Z", "altitudeMode": null, "tessellate": -1, "extrude": 0, "visibility": -1, "drawOrder": null, "icon": null, "vertex_index": 50, "vertex_part": 0, "vertex_part_index": 50, "distance": 0.11013877025191, "angle": 64.971854355806016 }, "geometry": { "type": "Point", "coordinates": [ 14.397271, 40.93599, 1346.0 ] } },
{ "type": "Feature", "properties": { "Name": "PH-NXH", "description": null, "timestamp": null, "begin": "2025-05-24T11:24:59.393Z", "end": "2025-05-24T13:41:05.445Z", "altitudeMode": null, "tessellate": -1, "extrude": 0, "visibility": -1, "drawOrder": null, "icon": null, "vertex_index": 51, "vertex_part": 0, "vertex_part_index": 51, "distance": 0.11220990158527, "angle": 64.857824791904164 }, "geometry": { "type": "Point", "coordinates": [ 14.399144, 40.936874, 1354.0 ] } },
{ "type": "Feature", "properties": { "Name": "PH-NXH", "description": null, "timestamp": null, "begin": "2025-05-24T11:24:59.393Z", "end": "2025-05-24T13:41:05.445Z", "altitudeMode": null, "tessellate": -1, "extrude": 0, "visibility": -1, "drawOrder": null, "icon": null, "vertex_index": 52, "vertex_part": 0, "vertex_part_index": 52, "distance": 0.11668366733684001, "angle": 64.649552727555076 }, "geometry": { "type": "Point", "coordinates": [ 14.403198, 40.938766, 1392.0 ] } },
{ "type": "Feature", "properties": { "Name": "PH-NXH", "description": null, "timestamp": null, "begin": "2025-05-24T11:24:59.393Z", "end": "2025-05-24T13:41:05.445Z", "altitudeMode": null, "tessellate": -1, "extrude": 0, "visibility": -1, "drawOrder": null, "icon": null, "vertex_index": 53, "vertex_part": 0, "vertex_part_index": 53, "distance": 0.11932567150035001, "angle": 64.164037845819976 }, "geometry": { "type": "Point", "coordinates": [ 14.405579, 40.939911, 1407.0 ] } },
{ "type": "Feature", "properties": { "Name": "PH-NXH", "description": null, "timestamp": null, "begin": "2025-05-24T11:24:59.393Z", "end": "2025-05-24T13:41:05.445Z", "altitudeMode": null, "tessellate": -1, "extrude": 0, "visibility": -1, "drawOrder": null, "icon": null, "vertex_index": 54, "vertex_part": 0, "vertex_part_index": 54, "distance": 0.12204128947791, "angle": 64.286928737166903 }, "geometry": { "type": "Point", "coordinates": [ 14.40802, 40.941101, 1415.0 ] } },
{ "type": "Feature", "properties": { "Name": "PH-NXH", "description": null, "timestamp": null, "begin": "2025-05-24T11:24:59.393Z", "end": "2025-05-24T13:41:05.445Z", "altitudeMode": null, "tessellate": -1, "extrude": 0, "visibility": -1, "drawOrder": null, "icon": null, "vertex_index": 55, "vertex_part": 0, "vertex_part_index": 55, "distance": 0.12481186775689, "angle": 64.521307794835565 }, "geometry": { "type": "Point", "coordinates": [ 14.410522, 40.942291, 1423.0 ] } },
{ "type": "Feature", "properties": { "Name": "PH-NXH", "description": null, "timestamp": null, "begin": "2025-05-24T11:24:59.393Z", "end": "2025-05-24T13:41:05.445Z", "altitudeMode": null, "tessellate": -1, "extrude": 0, "visibility": -1, "drawOrder": null, "icon": null, "vertex_index": 56, "vertex_part": 0, "vertex_part_index": 56, "distance": 0.12704472892589, "angle": 64.765864607419886 }, "geometry": { "type": "Point", "coordinates": [ 14.412537, 40.943253, 1430.0 ] } },
{ "type": "Feature", "properties": { "Name": "PH-NXH", "description": null, "timestamp": null, "begin": "2025-05-24T11:24:59.393Z", "end": "2025-05-24T13:41:05.445Z", "altitudeMode": null, "tessellate": -1, "extrude": 0, "visibility": -1, "drawOrder": null, "icon": null, "vertex_index": 57, "vertex_part": 0, "vertex_part_index": 57, "distance": 0.12969060439537, "angle": 64.946442412208583 }, "geometry": { "type": "Point", "coordinates": [ 14.414936, 40.944369, 1438.0 ] } },
{ "type": "Feature", "properties": { "Name": "PH-NXH", "description": null, "timestamp": null, "begin": "2025-05-24T11:24:59.393Z", "end": "2025-05-24T13:41:05.445Z", "altitudeMode": null, "tessellate": -1, "extrude": 0, "visibility": -1, "drawOrder": null, "icon": null, "vertex_index": 58, "vertex_part": 0, "vertex_part_index": 58, "distance": 0.13277193868428, "angle": 64.820593815485722 }, "geometry": { "type": "Point", "coordinates": [ 14.417725, 40.945679, 1453.0 ] } },
{ "type": "Feature", "properties": { "Name": "PH-NXH", "description": null, "timestamp": null, "begin": "2025-05-24T11:24:59.393Z", "end": "2025-05-24T13:41:05.445Z", "altitudeMode": null, "tessellate": -1, "extrude": 0, "visibility": -1, "drawOrder": null, "icon": null, "vertex_index": 59, "vertex_part": 0, "vertex_part_index": 59, "distance": 0.13603663101280999, "angle": 64.607701716233393 }, "geometry": { "type": "Point", "coordinates": [ 14.420679, 40.947069, 1461.0 ] } },
{ "type": "Feature", "properties": { "Name": "PH-NXH", "description": null, "timestamp": null, "begin": "2025-05-24T11:24:59.393Z", "end": "2025-05-24T13:41:05.445Z", "altitudeMode": null, "tessellate": -1, "extrude": 0, "visibility": -1, "drawOrder": null, "icon": null, "vertex_index": 60, "vertex_part": 0, "vertex_part_index": 60, "distance": 0.14108462160314, "angle": 64.749910565004114 }, "geometry": { "type": "Point", "coordinates": [ 14.425232, 40.949249, 1491.0 ] } },
{ "type": "Feature", "properties": { "Name": "PH-NXH", "description": null, "timestamp": null, "begin": "2025-05-24T11:24:59.393Z", "end": "2025-05-24T13:41:05.445Z", "altitudeMode": null, "tessellate": -1, "extrude": 0, "visibility": -1, "drawOrder": null, "icon": null, "vertex_index": 61, "vertex_part": 0, "vertex_part_index": 61, "distance": 0.14532417594291999, "angle": 64.778993959149119 }, "geometry": { "type": "Point", "coordinates": [ 14.429077, 40.951035, 1522.0 ] } },
{ "type": "Feature", "properties": { "Name": "PH-NXH", "description": null, "timestamp": null, "begin": "2025-05-24T11:24:59.393Z", "end": "2025-05-24T13:41:05.445Z", "altitudeMode": null, "tessellate": -1, "extrude": 0, "visibility": -1, "drawOrder": null, "icon": null, "vertex_index": 62, "vertex_part": 0, "vertex_part_index": 62, "distance": 0.1492992153138, "angle": 64.981158188677284 }, "geometry": { "type": "Point", "coordinates": [ 14.432664, 40.952748, 1545.0 ] } },
{ "type": "Feature", "properties": { "Name": "PH-NXH", "description": null, "timestamp": null, "begin": "2025-05-24T11:24:59.393Z", "end": "2025-05-24T13:41:05.445Z", "altitudeMode": null, "tessellate": -1, "extrude": 0, "visibility": -1, "drawOrder": null, "icon": null, "vertex_index": 63, "vertex_part": 0, "vertex_part_index": 63, "distance": 0.15300407833421001, "angle": 65.056419146026073 }, "geometry": { "type": "Point", "coordinates": [ 14.436035, 40.954285, 1575.0 ] } },
{ "type": "Feature", "properties": { "Name": "PH-NXH", "description": null, "timestamp": null, "begin": "2025-05-24T11:24:59.393Z", "end": "2025-05-24T13:41:05.445Z", "altitudeMode": null, "tessellate": -1, "extrude": 0, "visibility": -1, "drawOrder": null, "icon": null, "vertex_index": 64, "vertex_part": 0, "vertex_part_index": 64, "distance": 0.15604444311495, "angle": 64.477248851002074 }, "geometry": { "type": "Point", "coordinates": [ 14.438782, 40.955588, 1613.0 ] } },
{ "type": "Feature", "properties": { "Name": "PH-NXH", "description": null, "timestamp": null, "begin": "2025-05-24T11:24:59.393Z", "end": "2025-05-24T13:41:05.445Z", "altitudeMode": null, "tessellate": -1, "extrude": 0, "visibility": -1, "drawOrder": null, "icon": null, "vertex_index": 65, "vertex_part": 0, "vertex_part_index": 65, "distance": 0.15916100869263999, "angle": 64.633367825869954 }, "geometry": { "type": "Point", "coordinates": [ 14.441591, 40.956938, 1651.0 ] } },
{ "type": "Feature", "properties": { "Name": "PH-NXH", "description": null, "timestamp": null, "begin": "2025-05-24T11:24:59.393Z", "end": "2025-05-24T13:41:05.445Z", "altitudeMode": null, "tessellate": -1, "extrude": 0, "visibility": -1, "drawOrder": null, "icon": null, "vertex_index": 66, "vertex_part": 0, "vertex_part_index": 66, "distance": 0.16273010283541001, "angle": 64.674637174551435 }, "geometry": { "type": "Point", "coordinates": [ 14.444824, 40.95845, 1674.0 ] } },
{ "type": "Feature", "properties": { "Name": "PH-NXH", "description": null, "timestamp": null, "begin": "2025-05-24T11:24:59.393Z", "end": "2025-05-24T13:41:05.445Z", "altitudeMode": null, "tessellate": -1, "extrude": 0, "visibility": -1, "drawOrder": null, "icon": null, "vertex_index": 67, "vertex_part": 0, "vertex_part_index": 67, "distance": 0.16537441541149001, "angle": 64.764349850983422 }, "geometry": { "type": "Point", "coordinates": [ 14.447209, 40.959592, 1697.0 ] } },
{ "type": "Feature", "properties": { "Name": "PH-NXH", "description": null, "timestamp": null, "begin": "2025-05-24T11:24:59.393Z", "end": "2025-05-24T13:41:05.445Z", "altitudeMode": null, "tessellate": -1, "extrude": 0, "visibility": -1, "drawOrder": null, "icon": null, "vertex_index": 68, "vertex_part": 0, "vertex_part_index": 68, "distance": 0.16847091181872001, "angle": 64.979625485546407 }, "geometry": { "type": "Point", "coordinates": [ 14.450018, 40.960895, 1735.0 ] } },
{ "type": "Feature", "properties": { "Name": "PH-NXH", "description": null, "timestamp": null, "begin": "2025-05-24T11:24:59.393Z", "end": "2025-05-24T13:41:05.445Z", "altitudeMode": null, "tessellate": -1, "extrude": 0, "visibility": -1, "drawOrder": null, "icon": null, "vertex_index": 69, "vertex_part": 0, "vertex_part_index": 69, "distance": 0.17068931507332, "angle": 64.835633944011164 }, "geometry": { "type": "Point", "coordinates": [ 14.452026, 40.961838, 1766.0 ] } },
{ "type": "Feature", "properties": { "Name": "PH-NXH", "description": null, "timestamp": null, "begin": "2025-05-24T11:24:59.393Z", "end": "2025-05-24T13:41:05.445Z", "altitudeMode": null, "tessellate": -1, "extrude": 0, "visibility": -1, "drawOrder": null, "icon": null, "vertex_index": 70, "vertex_part": 0, "vertex_part_index": 70, "distance": 0.17350580313472, "angle": 65.041640582922625 }, "geometry": { "type": "Point", "coordinates": [ 14.454575, 40.963036, 1796.0 ] } },
{ "type": "Feature", "properties": { "Name": "PH-NXH", "description": null, "timestamp": null, "begin": "2025-05-24T11:24:59.393Z", "end": "2025-05-24T13:41:05.445Z", "altitudeMode": null, "tessellate": -1, "extrude": 0, "visibility": -1, "drawOrder": null, "icon": null, "vertex_index": 71, "vertex_part": 0, "vertex_part_index": 71, "distance": 0.17567275329564999, "angle": 64.591499687375844 }, "geometry": { "type": "Point", "coordinates": [ 14.456543, 40.963943, 1811.0 ] } },
{ "type": "Feature", "properties": { "Name": "PH-NXH", "description": null, "timestamp": null, "begin": "2025-05-24T11:24:59.393Z", "end": "2025-05-24T13:41:05.445Z", "altitudeMode": null, "tessellate": -1, "extrude": 0, "visibility": -1, "drawOrder": null, "icon": null, "vertex_index": 72, "vertex_part": 0, "vertex_part_index": 72, "distance": 0.17879889148837999, "angle": 64.597377630764882 }, "geometry": { "type": "Point", "coordinates": [ 14.459351, 40.965317, 1857.0 ] } },
{ "type": "Feature", "properties": { "Name": "PH-NXH", "description": null, "timestamp": null, "begin": "2025-05-24T11:24:59.393Z", "end": "2025-05-24T13:41:05.445Z", "altitudeMode": null, "tessellate": -1, "extrude": 0, "visibility": -1, "drawOrder": null, "icon": null, "vertex_index": 73, "vertex_part": 0, "vertex_part_index": 73, "distance": 0.18158108936056999, "angle": 64.974540811900965 }, "geometry": { "type": "Point", "coordinates": [ 14.461878, 40.966481, 1887.0 ] } },
{ "type": "Feature", "properties": { "Name": "PH-NXH", "description": null, "timestamp": null, "begin": "2025-05-24T11:24:59.393Z", "end": "2025-05-24T13:41:05.445Z", "altitudeMode": null, "tessellate": -1, "extrude": 0, "visibility": -1, "drawOrder": null, "icon": null, "vertex_index": 74, "vertex_part": 0, "vertex_part_index": 74, "distance": 0.18378145342134999, "angle": 64.665547858104347 }, "geometry": { "type": "Point", "coordinates": [ 14.463867, 40.967422, 1895.0 ] } },
{ "type": "Feature", "properties": { "Name": "PH-NXH", "description": null, "timestamp": null, "begin": "2025-05-24T11:24:59.393Z", "end": "2025-05-24T13:41:05.445Z", "altitudeMode": null, "tessellate": -1, "extrude": 0, "visibility": -1, "drawOrder": null, "icon": null, "vertex_index": 75, "vertex_part": 0, "vertex_part_index": 75, "distance": 0.18593258730840001, "angle": 64.491111253092825 }, "geometry": { "type": "Point", "coordinates": [ 14.465811, 40.968343, 1933.0 ] } },
{ "type": "Feature", "properties": { "Name": "PH-NXH", "description": null, "timestamp": null, "begin": "2025-05-24T11:24:59.393Z", "end": "2025-05-24T13:41:05.445Z", "altitudeMode": null, "tessellate": -1, "extrude": 0, "visibility": -1, "drawOrder": null, "icon": null, "vertex_index": 76, "vertex_part": 0, "vertex_part_index": 76, "distance": 0.18824585966589999, "angle": 64.545521430882346 }, "geometry": { "type": "Point", "coordinates": [ 14.467896, 40.969345, 1971.0 ] } },
{ "type": "Feature", "properties": { "Name": "PH-NXH", "description": null, "timestamp": null, "begin": "2025-05-24T11:24:59.393Z", "end": "2025-05-24T13:41:05.445Z", "altitudeMode": null, "tessellate": -1, "extrude": 0, "visibility": -1, "drawOrder": null, "icon": null, "vertex_index": 77, "vertex_part": 0, "vertex_part_index": 77, "distance": 0.19060733060580001, "angle": 64.403006317296715 }, "geometry": { "type": "Point", "coordinates": [ 14.470032, 40.970352, 1994.0 ] } },
{ "type": "Feature", "properties": { "Name": "PH-NXH", "description": null, "timestamp": null, "begin": "2025-05-24T11:24:59.393Z", "end": "2025-05-24T13:41:05.445Z", "altitudeMode": null, "tessellate": -1, "extrude": 0, "visibility": -1, "drawOrder": null, "icon": null, "vertex_index": 78, "vertex_part": 0, "vertex_part_index": 78, "distance": 0.19311857830366, "angle": 64.67334040320776 }, "geometry": { "type": "Point", "coordinates": [ 14.47229, 40.971451, 2025.0 ] } },
{ "type": "Feature", "properties": { "Name": "PH-NXH", "description": null, "timestamp": null, "begin": "2025-05-24T11:24:59.393Z", "end": "2025-05-24T13:41:05.445Z", "altitudeMode": null, "tessellate": -1, "extrude": 0, "visibility": -1, "drawOrder": null, "icon": null, "vertex_index": 79, "vertex_part": 0, "vertex_part_index": 79, "distance": 0.19526276113169, "angle": 64.886862961395664 }, "geometry": { "type": "Point", "coordinates": [ 14.474238, 40.972347, 2055.0 ] } },
{ "type": "Feature", "properties": { "Name": "PH-NXH", "description": null, "timestamp": null, "begin": "2025-05-24T11:24:59.393Z", "end": "2025-05-24T13:41:05.445Z", "altitudeMode": null, "tessellate": -1, "extrude": 0, "visibility": -1, "drawOrder": null, "icon": null, "vertex_index": 80, "vertex_part": 0, "vertex_part_index": 80, "distance": 0.19743255121370001, "angle": 64.741159365570823 }, "geometry": { "type": "Point", "coordinates": [ 14.476196, 40.973282, 2086.0 ] } },
{ "type": "Feature", "properties": { "Name": "PH-NXH", "description": null, "timestamp": null, "begin": "2025-05-24T11:24:59.393Z", "end": "2025-05-24T13:41:05.445Z", "altitudeMode": null, "tessellate": -1, "extrude": 0, "visibility": -1, "drawOrder": null, "icon": null, "vertex_index": 81, "vertex_part": 0, "vertex_part_index": 81, "distance": 0.19992491755917, "angle": 65.003246704593721 }, "geometry": { "type": "Point", "coordinates": [ 14.478455, 40.974335, 2116.0 ] } },
{ "type": "Feature", "properties": { "Name": "PH-NXH", "description": null, "timestamp": null, "begin": "2025-05-24T11:24:59.393Z", "end": "2025-05-24T13:41:05.445Z", "altitudeMode": null, "tessellate": -1, "extrude": 0, "visibility": -1, "drawOrder": null, "icon": null, "vertex_index": 82, "vertex_part": 0, "vertex_part_index": 82, "distance": 0.20241637757288999, "angle": 64.853761458279919 }, "geometry": { "type": "Point", "coordinates": [ 14.480713, 40.975388, 2154.0 ] } },
{ "type": "Feature", "properties": { "Name": "PH-NXH", "description": null, "timestamp": null, "begin": "2025-05-24T11:24:59.393Z", "end": "2025-05-24T13:41:05.445Z", "altitudeMode": null, "tessellate": -1, "extrude": 0, "visibility": -1, "drawOrder": null, "icon": null, "vertex_index": 83, "vertex_part": 0, "vertex_part_index": 83, "distance": 0.20734365369668001, "angle": 64.856190887139917 }, "geometry": { "type": "Point", "coordinates": [ 14.485168, 40.977493, 2208.0 ] } },
{ "type": "Feature", "properties": { "Name": "PH-NXH", "description": null, "timestamp": null, "begin": "2025-05-24T11:24:59.393Z", "end": "2025-05-24T13:41:05.445Z", "altitudeMode": null, "tessellate": -1, "extrude": 0, "visibility": -1, "drawOrder": null, "icon": null, "vertex_index": 84, "vertex_part": 0, "vertex_part_index": 84, "distance": 0.21232748003794999, "angle": 64.967491318375821 }, "geometry": { "type": "Point", "coordinates": [ 14.489685, 40.979599, 2268.0 ] } },
{ "type": "Feature", "properties": { "Name": "PH-NXH", "description": null, "timestamp": null, "begin": "2025-05-24T11:24:59.393Z", "end": "2025-05-24T13:41:05.445Z", "altitudeMode": null, "tessellate": -1, "extrude": 0, "visibility": -1, "drawOrder": null, "icon": null, "vertex_index": 85, "vertex_part": 0, "vertex_part_index": 85, "distance": 0.21859373896972001, "angle": 64.836374421721885 }, "geometry": { "type": "Point", "coordinates": [ 14.495361, 40.982254, 2322.0 ] } },
{ "type": "Feature", "properties": { "Name": "PH-NXH", "description": null, "timestamp": null, "begin": "2025-05-24T11:24:59.393Z", "end": "2025-05-24T13:41:05.445Z", "altitudeMode": null, "tessellate": -1, "extrude": 0, "visibility": -1, "drawOrder": null, "icon": null, "vertex_index": 86, "vertex_part": 0, "vertex_part_index": 86, "distance": 0.22581408944598, "angle": 64.848570009485513 }, "geometry": { "type": "Point", "coordinates": [ 14.501891, 40.985335, 2390.0 ] } },
{ "type": "Feature", "properties": { "Name": "PH-NXH", "description": null, "timestamp": null, "begin": "2025-05-24T11:24:59.393Z", "end": "2025-05-24T13:41:05.445Z", "altitudeMode": null, "tessellate": -1, "extrude": 0, "visibility": -1, "drawOrder": null, "icon": null, "vertex_index": 87, "vertex_part": 0, "vertex_part_index": 87, "distance": 0.23248528963785001, "angle": 65.089406631168941 }, "geometry": { "type": "Point", "coordinates": [ 14.507935, 40.988159, 2444.0 ] } },
{ "type": "Feature", "properties": { "Name": "PH-NXH", "description": null, "timestamp": null, "begin": "2025-05-24T11:24:59.393Z", "end": "2025-05-24T13:41:05.445Z", "altitudeMode": null, "tessellate": -1, "extrude": 0, "visibility": -1, "drawOrder": null, "icon": null, "vertex_index": 88, "vertex_part": 0, "vertex_part_index": 88, "distance": 0.23985358957746, "angle": 65.11594468695796 }, "geometry": { "type": "Point", "coordinates": [ 14.514625, 40.991247, 2512.0 ] } },
{ "type": "Feature", "properties": { "Name": "PH-NXH", "description": null, "timestamp": null, "begin": "2025-05-24T11:24:59.393Z", "end": "2025-05-24T13:41:05.445Z", "altitudeMode": null, "tessellate": -1, "extrude": 0, "visibility": -1, "drawOrder": null, "icon": null, "vertex_index": 89, "vertex_part": 0, "vertex_part_index": 89, "distance": 0.24701618268330999, "angle": 64.97641351607146 }, "geometry": { "type": "Point", "coordinates": [ 14.521117, 40.994273, 2573.0 ] } },
{ "type": "Feature", "properties": { "Name": "PH-NXH", "description": null, "timestamp": null, "begin": "2025-05-24T11:24:59.393Z", "end": "2025-05-24T13:41:05.445Z", "altitudeMode": null, "tessellate": -1, "extrude": 0, "visibility": -1, "drawOrder": null, "icon": null, "vertex_index": 90, "vertex_part": 0, "vertex_part_index": 90, "distance": 0.25516947680287, "angle": 64.756262983290327 }, "geometry": { "type": "Point", "coordinates": [ 14.528503, 40.997726, 2634.0 ] } },
{ "type": "Feature", "properties": { "Name": "PH-NXH", "description": null, "timestamp": null, "begin": "2025-05-24T11:24:59.393Z", "end": "2025-05-24T13:41:05.445Z", "altitudeMode": null, "tessellate": -1, "extrude": 0, "visibility": -1, "drawOrder": null, "icon": null, "vertex_index": 91, "vertex_part": 0, "vertex_part_index": 91, "distance": 0.26219747317452002, "angle": 64.789051802937479 }, "geometry": { "type": "Point", "coordinates": [ 14.53485, 41.000744, 2695.0 ] } },
{ "type": "Feature", "properties": { "Name": "PH-NXH", "description": null, "timestamp": null, "begin": "2025-05-24T11:24:59.393Z", "end": "2025-05-24T13:41:05.445Z", "altitudeMode": null, "tessellate": -1, "extrude": 0, "visibility": -1, "drawOrder": null, "icon": null, "vertex_index": 92, "vertex_part": 0, "vertex_part_index": 92, "distance": 0.26936006628037001, "angle": 64.881350009042905 }, "geometry": { "type": "Point", "coordinates": [ 14.541342, 41.00377, 2749.0 ] } },
{ "type": "Feature", "properties": { "Name": "PH-NXH", "description": null, "timestamp": null, "begin": "2025-05-24T11:24:59.393Z", "end": "2025-05-24T13:41:05.445Z", "altitudeMode": null, "tessellate": -1, "extrude": 0, "visibility": -1, "drawOrder": null, "icon": null, "vertex_index": 93, "vertex_part": 0, "vertex_part_index": 93, "distance": 0.27493784953181, "angle": 64.972044653480083 }, "geometry": { "type": "Point", "coordinates": [ 14.546387, 41.006149, 2817.0 ] } },
{ "type": "Feature", "properties": { "Name": "PH-NXH", "description": null, "timestamp": null, "begin": "2025-05-24T11:24:59.393Z", "end": "2025-05-24T13:41:05.445Z", "altitudeMode": null, "tessellate": -1, "extrude": 0, "visibility": -1, "drawOrder": null, "icon": null, "vertex_index": 94, "vertex_part": 0, "vertex_part_index": 94, "distance": 0.28159417081311999, "angle": 65.196303763822939 }, "geometry": { "type": "Point", "coordinates": [ 14.552429, 41.008942, 2886.0 ] } },
{ "type": "Feature", "properties": { "Name": "PH-NXH", "description": null, "timestamp": null, "begin": "2025-05-24T11:24:59.393Z", "end": "2025-05-24T13:41:05.445Z", "altitudeMode": null, "tessellate": -1, "extrude": 0, "visibility": -1, "drawOrder": null, "icon": null, "vertex_index": 95, "vertex_part": 0, "vertex_part_index": 95, "distance": 0.28825098033419999, "angle": 65.121526477808274 }, "geometry": { "type": "Point", "coordinates": [ 14.558472, 41.011734, 2947.0 ] } },
{ "type": "Feature", "properties": { "Name": "PH-NXH", "description": null, "timestamp": null, "begin": "2025-05-24T11:24:59.393Z", "end": "2025-05-24T13:41:05.445Z", "altitudeMode": null, "tessellate": -1, "extrude": 0, "visibility": -1, "drawOrder": null, "icon": null, "vertex_index": 96, "vertex_part": 0, "vertex_part_index": 96, "distance": 0.29386750630671998, "angle": 64.956434837184887 }, "geometry": { "type": "Point", "coordinates": [ 14.563564, 41.014104, 3008.0 ] } },
{ "type": "Feature", "properties": { "Name": "PH-NXH", "description": null, "timestamp": null, "begin": "2025-05-24T11:24:59.393Z", "end": "2025-05-24T13:41:05.445Z", "altitudeMode": null, "tessellate": -1, "extrude": 0, "visibility": -1, "drawOrder": null, "icon": null, "vertex_index": 97, "vertex_part": 0, "vertex_part_index": 97, "distance": 0.30055545255352001, "angle": 64.921852911332422 }, "geometry": { "type": "Point", "coordinates": [ 14.569619, 41.016944, 3069.0 ] } },
{ "type": "Feature", "properties": { "Name": "PH-NXH", "description": null, "timestamp": null, "begin": "2025-05-24T11:24:59.393Z", "end": "2025-05-24T13:41:05.445Z", "altitudeMode": null, "tessellate": -1, "extrude": 0, "visibility": -1, "drawOrder": null, "icon": null, "vertex_index": 98, "vertex_part": 0, "vertex_part_index": 98, "distance": 0.30825879475024998, "angle": 64.950863374032977 }, "geometry": { "type": "Point", "coordinates": [ 14.576599, 41.020203, 3130.0 ] } },
{ "type": "Feature", "properties": { "Name": "PH-NXH", "description": null, "timestamp": null, "begin": "2025-05-24T11:24:59.393Z", "end": "2025-05-24T13:41:05.445Z", "altitudeMode": null, "tessellate": -1, "extrude": 0, "visibility": -1, "drawOrder": null, "icon": null, "vertex_index": 99, "vertex_part": 0, "vertex_part_index": 99, "distance": 0.31605861846620997, "angle": 64.870139731344153 }, "geometry": { "type": "Point", "coordinates": [ 14.583664, 41.023508, 3191.0 ] } },
{ "type": "Feature", "properties": { "Name": "PH-NXH", "description": null, "timestamp": null, "begin": "2025-05-24T11:24:59.393Z", "end": "2025-05-24T13:41:05.445Z", "altitudeMode": null, "tessellate": -1, "extrude": 0, "visibility": -1, "drawOrder": null, "icon": null, "vertex_index": 100, "vertex_part": 0, "vertex_part_index": 100, "distance": 0.32371577995072998, "angle": 64.977810585440523 }, "geometry": { "type": "Point", "coordinates": [ 14.590593, 41.026767, 3236.0 ] } },
{ "type": "Feature", "properties": { "Name": "PH-NXH", "description": null, "timestamp": null, "begin": "2025-05-24T11:24:59.393Z", "end": "2025-05-24T13:41:05.445Z", "altitudeMode": null, "tessellate": -1, "extrude": 0, "visibility": -1, "drawOrder": null, "icon": null, "vertex_index": 101, "vertex_part": 0, "vertex_part_index": 101, "distance": 0.32813621940852, "angle": 65.13588337562004 }, "geometry": { "type": "Point", "coordinates": [ 14.594604, 41.028625, 3259.0 ] } },
{ "type": "Feature", "properties": { "Name": "PH-NXH", "description": null, "timestamp": null, "begin": "2025-05-24T11:24:59.393Z", "end": "2025-05-24T13:41:05.445Z", "altitudeMode": null, "tessellate": -1, "extrude": 0, "visibility": -1, "drawOrder": null, "icon": null, "vertex_index": 102, "vertex_part": 0, "vertex_part_index": 102, "distance": 0.33334763457140998, "angle": 65.001220995817405 }, "geometry": { "type": "Point", "coordinates": [ 14.599332, 41.030817, 3282.0 ] } },
{ "type": "Feature", "properties": { "Name": "PH-NXH", "description": null, "timestamp": null, "begin": "2025-05-24T11:24:59.393Z", "end": "2025-05-24T13:41:05.445Z", "altitudeMode": null, "tessellate": -1, "extrude": 0, "visibility": -1, "drawOrder": null, "icon": null, "vertex_index": 103, "vertex_part": 0, "vertex_part_index": 103, "distance": 0.34241775833020999, "angle": 64.989523324927106 }, "geometry": { "type": "Point", "coordinates": [ 14.607544, 41.034668, 3305.0 ] } },
{ "type": "Feature", "properties": { "Name": "PH-NXH", "description": null, "timestamp": null, "begin": "2025-05-24T11:24:59.393Z", "end": "2025-05-24T13:41:05.445Z", "altitudeMode": null, "tessellate": -1, "extrude": 0, "visibility": -1, "drawOrder": null, "icon": null, "vertex_index": 104, "vertex_part": 0, "vertex_part_index": 104, "distance": 0.34919233794817001, "angle": 65.084934922203217 }, "geometry": { "type": "Point", "coordinates": [ 14.613689, 41.03752, 3312.0 ] } },
{ "type": "Feature", "properties": { "Name": "PH-NXH", "description": null, "timestamp": null, "begin": "2025-05-24T11:24:59.393Z", "end": "2025-05-24T13:41:05.445Z", "altitudeMode": null, "tessellate": -1, "extrude": 0, "visibility": -1, "drawOrder": null, "icon": null, "vertex_index": 105, "vertex_part": 0, "vertex_part_index": 105, "distance": 0.35979336289861003, "angle": 65.023603469497743 }, "geometry": { "type": "Point", "coordinates": [ 14.623302, 41.041989, 3328.0 ] } },
{ "type": "Feature", "properties": { "Name": "PH-NXH", "description": null, "timestamp": null, "begin": "2025-05-24T11:24:59.393Z", "end": "2025-05-24T13:41:05.445Z", "altitudeMode": null, "tessellate": -1, "extrude": 0, "visibility": -1, "drawOrder": null, "icon": null, "vertex_index": 106, "vertex_part": 0, "vertex_part_index": 106, "distance": 0.37047134173357998, "angle": 63.762365506594243 }, "geometry": { "type": "Point", "coordinates": [ 14.632978, 41.046505, 3343.0 ] } },
{ "type": "Feature", "properties": { "Name": "PH-NXH", "description": null, "timestamp": null, "begin": "2025-05-24T11:24:59.393Z", "end": "2025-05-24T13:41:05.445Z", "altitudeMode": null, "tessellate": -1, "extrude": 0, "visibility": -1, "drawOrder": null, "icon": null, "vertex_index": 107, "vertex_part": 0, "vertex_part_index": 107, "distance": 0.38137438507019, "angle": 60.402336139719139 }, "geometry": { "type": "Point", "coordinates": [ 14.642653, 41.051532, 3358.0 ] } },
{ "type": "Feature", "properties": { "Name": "PH-NXH", "description": null, "timestamp": null, "begin": "2025-05-24T11:24:59.393Z", "end": "2025-05-24T13:41:05.445Z", "altitudeMode": null, "tessellate": -1, "extrude": 0, "visibility": -1, "drawOrder": null, "icon": null, "vertex_index": 108, "vertex_part": 0, "vertex_part_index": 108, "distance": 0.38882222234016001, "angle": 56.299707550296183 }, "geometry": { "type": "Point", "coordinates": [ 14.648987, 41.05545, 3366.0 ] } },
{ "type": "Feature", "properties": { "Name": "PH-NXH", "description": null, "timestamp": null, "begin": "2025-05-24T11:24:59.393Z", "end": "2025-05-24T13:41:05.445Z", "altitudeMode": null, "tessellate": -1, "extrude": 0, "visibility": -1, "drawOrder": null, "icon": null, "vertex_index": 109, "vertex_part": 0, "vertex_part_index": 109, "distance": 0.39573316048197998, "angle": 52.202930470746622 }, "geometry": { "type": "Point", "coordinates": [ 14.654602, 41.059479, 3381.0 ] } },
{ "type": "Feature", "properties": { "Name": "PH-NXH", "description": null, "timestamp": null, "begin": "2025-05-24T11:24:59.393Z", "end": "2025-05-24T13:41:05.445Z", "altitudeMode": null, "tessellate": -1, "extrude": 0, "visibility": -1, "drawOrder": null, "icon": null, "vertex_index": 110, "vertex_part": 0, "vertex_part_index": 110, "distance": 0.40257854118724001, "angle": 48.101845457344361 }, "geometry": { "type": "Point", "coordinates": [ 14.659851, 41.063873, 3419.0 ] } },
{ "type": "Feature", "properties": { "Name": "PH-NXH", "description": null, "timestamp": null, "begin": "2025-05-24T11:24:59.393Z", "end": "2025-05-24T13:41:05.445Z", "altitudeMode": null, "tessellate": -1, "extrude": 0, "visibility": -1, "drawOrder": null, "icon": null, "vertex_index": 111, "vertex_part": 0, "vertex_part_index": 111, "distance": 0.40799604540966999, "angle": 43.870933508393982 }, "geometry": { "type": "Point", "coordinates": [ 14.663757, 41.067627, 3442.0 ] } },
{ "type": "Feature", "properties": { "Name": "PH-NXH", "description": null, "timestamp": null, "begin": "2025-05-24T11:24:59.393Z", "end": "2025-05-24T13:41:05.445Z", "altitudeMode": null, "tessellate": -1, "extrude": 0, "visibility": -1, "drawOrder": null, "icon": null, "vertex_index": 112, "vertex_part": 0, "vertex_part_index": 112, "distance": 0.41635457398830999, "angle": 39.098995798624721 }, "geometry": { "type": "Point", "coordinates": [ 14.669307, 41.073877, 3495.0 ] } },
{ "type": "Feature", "properties": { "Name": "PH-NXH", "description": null, "timestamp": null, "begin": "2025-05-24T11:24:59.393Z", "end": "2025-05-24T13:41:05.445Z", "altitudeMode": null, "tessellate": -1, "extrude": 0, "visibility": -1, "drawOrder": null, "icon": null, "vertex_index": 113, "vertex_part": 0, "vertex_part_index": 113, "distance": 0.42322225423713, "angle": 34.303028163294613 }, "geometry": { "type": "Point", "coordinates": [ 14.673401, 41.079391, 3549.0 ] } },
{ "type": "Feature", "properties": { "Name": "PH-NXH", "description": null, "timestamp": null, "begin": "2025-05-24T11:24:59.393Z", "end": "2025-05-24T13:41:05.445Z", "altitudeMode": null, "tessellate": -1, "extrude": 0, "visibility": -1, "drawOrder": null, "icon": null, "vertex_index": 114, "vertex_part": 0, "vertex_part_index": 114, "distance": 0.43105076265189002, "angle": 30.90829422658976 }, "geometry": { "type": "Point", "coordinates": [ 14.677551, 41.086029, 3610.0 ] } },
{ "type": "Feature", "properties": { "Name": "PH-NXH", "description": null, "timestamp": null, "begin": "2025-05-24T11:24:59.393Z", "end": "2025-05-24T13:41:05.445Z", "altitudeMode": null, "tessellate": -1, "extrude": 0, "visibility": -1, "drawOrder": null, "icon": null, "vertex_index": 115, "vertex_part": 0, "vertex_part_index": 115, "distance": 0.43845278737490001, "angle": 29.55299552023456 }, "geometry": { "type": "Point", "coordinates": [ 14.68123, 41.092452, 3678.0 ] } },
{ "type": "Feature", "properties": { "Name": "PH-NXH", "description": null, "timestamp": null, "begin": "2025-05-24T11:24:59.393Z", "end": "2025-05-24T13:41:05.445Z", "altitudeMode": null, "tessellate": -1, "extrude": 0, "visibility": -1, "drawOrder": null, "icon": null, "vertex_index": 116, "vertex_part": 0, "vertex_part_index": 116, "distance": 0.45512963039148002, "angle": 29.179425472928159 }, "geometry": { "type": "Point", "coordinates": [ 14.689392, 41.106995, 3800.0 ] } },
{ "type": "Feature", "properties": { "Name": "PH-NXH", "description": null, "timestamp": null, "begin": "2025-05-24T11:24:59.393Z", "end": "2025-05-24T13:41:05.445Z", "altitudeMode": null, "tessellate": -1, "extrude": 0, "visibility": -1, "drawOrder": null, "icon": null, "vertex_index": 117, "vertex_part": 0, "vertex_part_index": 117, "distance": 0.47146792127517001, "angle": 28.607749611714919 }, "geometry": { "type": "Point", "coordinates": [ 14.697327, 41.121277, 3922.0 ] } },
{ "type": "Feature", "properties": { "Name": "PH-NXH", "description": null, "timestamp": null, "begin": "2025-05-24T11:24:59.393Z", "end": "2025-05-24T13:41:05.445Z", "altitudeMode": null, "tessellate": -1, "extrude": 0, "visibility": -1, "drawOrder": null, "icon": null, "vertex_index": 118, "vertex_part": 0, "vertex_part_index": 118, "distance": 0.48569481991823998, "angle": 25.873436653274769 }, "geometry": { "type": "Point", "coordinates": [ 14.704041, 41.13382, 4029.0 ] } },
{ "type": "Feature", "properties": { "Name": "PH-NXH", "description": null, "timestamp": null, "begin": "2025-05-24T11:24:59.393Z", "end": "2025-05-24T13:41:05.445Z", "altitudeMode": null, "tessellate": -1, "extrude": 0, "visibility": -1, "drawOrder": null, "icon": null, "vertex_index": 119, "vertex_part": 0, "vertex_part_index": 119, "distance": 0.49592343297182001, "angle": 21.608100369749909 }, "geometry": { "type": "Point", "coordinates": [ 14.708134, 41.143194, 4090.0 ] } },
{ "type": "Feature", "properties": { "Name": "PH-NXH", "description": null, "timestamp": null, "begin": "2025-05-24T11:24:59.393Z", "end": "2025-05-24T13:41:05.445Z", "altitudeMode": null, "tessellate": -1, "extrude": 0, "visibility": -1, "drawOrder": null, "icon": null, "vertex_index": 120, "vertex_part": 0, "vertex_part_index": 120, "distance": 0.50521432324132998, "angle": 17.652578836006139 }, "geometry": { "type": "Point", "coordinates": [ 14.711255, 41.151945, 4151.0 ] } },
{ "type": "Feature", "properties": { "Name": "PH-NXH", "description": null, "timestamp": null, "begin": "2025-05-24T11:24:59.393Z", "end": "2025-05-24T13:41:05.445Z", "altitudeMode": null, "tessellate": -1, "extrude": 0, "visibility": -1, "drawOrder": null, "icon": null, "vertex_index": 121, "vertex_part": 0, "vertex_part_index": 121, "distance": 0.51561002244820997, "angle": 13.45945706319538 }, "geometry": { "type": "Point", "coordinates": [ 14.714064, 41.161954, 4196.0 ] } },
{ "type": "Feature", "properties": { "Name": "PH-NXH", "description": null, "timestamp": null, "begin": "2025-05-24T11:24:59.393Z", "end": "2025-05-24T13:41:05.445Z", "altitudeMode": null, "tessellate": -1, "extrude": 0, "visibility": -1, "drawOrder": null, "icon": null, "vertex_index": 122, "vertex_part": 0, "vertex_part_index": 122, "distance": 0.52524286148973998, "angle": 9.0271945576944699 }, "geometry": { "type": "Point", "coordinates": [ 14.715942, 41.171402, 4242.0 ] } },
{ "type": "Feature", "properties": { "Name": "PH-NXH", "description": null, "timestamp": null, "begin": "2025-05-24T11:24:59.393Z", "end": "2025-05-24T13:41:05.445Z", "altitudeMode": null, "tessellate": -1, "extrude": 0, "visibility": -1, "drawOrder": null, "icon": null, "vertex_index": 123, "vertex_part": 0, "vertex_part_index": 123, "distance": 0.53466840152731998, "angle": 5.04397194053149 }, "geometry": { "type": "Point", "coordinates": [ 14.71706, 41.180761, 4303.0 ] } },
{ "type": "Feature", "properties": { "Name": "PH-NXH", "description": null, "timestamp": null, "begin": "2025-05-24T11:24:59.393Z", "end": "2025-05-24T13:41:05.445Z", "altitudeMode": null, "tessellate": -1, "extrude": 0, "visibility": -1, "drawOrder": null, "icon": null, "vertex_index": 124, "vertex_part": 0, "vertex_part_index": 124, "distance": 0.54231589745735997, "angle": 2.43570041698346 }, "geometry": { "type": "Point", "coordinates": [ 14.717497, 41.188396, 4356.0 ] } },
{ "type": "Feature", "properties": { "Name": "PH-NXH", "description": null, "timestamp": null, "begin": "2025-05-24T11:24:59.393Z", "end": "2025-05-24T13:41:05.445Z", "altitudeMode": null, "tessellate": -1, "extrude": 0, "visibility": -1, "drawOrder": null, "icon": null, "vertex_index": 125, "vertex_part": 0, "vertex_part_index": 125, "distance": 0.55883630290033004, "angle": 1.8698142613994799 }, "geometry": { "type": "Point", "coordinates": [ 14.717957, 41.20491, 4486.0 ] } },
{ "type": "Feature", "properties": { "Name": "PH-NXH", "description": null, "timestamp": null, "begin": "2025-05-24T11:24:59.393Z", "end": "2025-05-24T13:41:05.445Z", "altitudeMode": null, "tessellate": -1, "extrude": 0, "visibility": -1, "drawOrder": null, "icon": null, "vertex_index": 126, "vertex_part": 0, "vertex_part_index": 126, "distance": 0.57324338900405003, "angle": 2.2355479592768699 }, "geometry": { "type": "Point", "coordinates": [ 14.718496, 41.219307, 4608.0 ] } },
{ "type": "Feature", "properties": { "Name": "PH-NXH", "description": null, "timestamp": null, "begin": "2025-05-24T11:24:59.393Z", "end": "2025-05-24T13:41:05.445Z", "altitudeMode": null, "tessellate": -1, "extrude": 0, "visibility": -1, "drawOrder": null, "icon": null, "vertex_index": 127, "vertex_part": 0, "vertex_part_index": 127, "distance": 0.58701074230814998, "angle": 2.1716618011225699 }, "geometry": { "type": "Point", "coordinates": [ 14.719055, 41.233063, 4707.0 ] } },
{ "type": "Feature", "properties": { "Name": "PH-NXH", "description": null, "timestamp": null, "begin": "2025-05-24T11:24:59.393Z", "end": "2025-05-24T13:41:05.445Z", "altitudeMode": null, "tessellate": -1, "extrude": 0, "visibility": -1, "drawOrder": null, "icon": null, "vertex_index": 128, "vertex_part": 0, "vertex_part_index": 128, "distance": 0.60611056764766003, "angle": 2.1169967816172699 }, "geometry": { "type": "Point", "coordinates": [ 14.719727, 41.252151, 4829.0 ] } },
{ "type": "Feature", "properties": { "Name": "PH-NXH", "description": null, "timestamp": null, "begin": "2025-05-24T11:24:59.393Z", "end": "2025-05-24T13:41:05.445Z", "altitudeMode": null, "tessellate": -1, "extrude": 0, "visibility": -1, "drawOrder": null, "icon": null, "vertex_index": 129, "vertex_part": 0, "vertex_part_index": 129, "distance": 0.62593141336625002, "angle": 2.1979053387091101 }, "geometry": { "type": "Point", "coordinates": [ 14.720494, 41.271957, 4943.0 ] } },
{ "type": "Feature", "properties": { "Name": "PH-NXH", "description": null, "timestamp": null, "begin": "2025-05-24T11:24:59.393Z", "end": "2025-05-24T13:41:05.445Z", "altitudeMode": null, "tessellate": -1, "extrude": 0, "visibility": -1, "drawOrder": null, "icon": null, "vertex_index": 130, "vertex_part": 0, "vertex_part_index": 130, "distance": 0.64427066321460003, "angle": 2.0899992201129001 }, "geometry": { "type": "Point", "coordinates": [ 14.721191, 41.290283, 5073.0 ] } },
{ "type": "Feature", "properties": { "Name": "PH-NXH", "description": null, "timestamp": null, "begin": "2025-05-24T11:24:59.393Z", "end": "2025-05-24T13:41:05.445Z", "altitudeMode": null, "tessellate": -1, "extrude": 0, "visibility": -1, "drawOrder": null, "icon": null, "vertex_index": 131, "vertex_part": 0, "vertex_part_index": 131, "distance": 0.66184739078260002, "angle": 2.0860044936801598 }, "geometry": { "type": "Point", "coordinates": [ 14.721805, 41.307849, 5195.0 ] } },
{ "type": "Feature", "properties": { "Name": "PH-NXH", "description": null, "timestamp": null, "begin": "2025-05-24T11:24:59.393Z", "end": "2025-05-24T13:41:05.445Z", "altitudeMode": null, "tessellate": -1, "extrude": 0, "visibility": -1, "drawOrder": null, "icon": null, "vertex_index": 132, "vertex_part": 0, "vertex_part_index": 132, "distance": 0.68109919810036001, "angle": 2.1415381482565401 }, "geometry": { "type": "Point", "coordinates": [ 14.722534, 41.327087, 5316.0 ] } },
{ "type": "Feature", "properties": { "Name": "PH-NXH", "description": null, "timestamp": null, "begin": "2025-05-24T11:24:59.393Z", "end": "2025-05-24T13:41:05.445Z", "altitudeMode": null, "tessellate": -1, "extrude": 0, "visibility": -1, "drawOrder": null, "icon": null, "vertex_index": 133, "vertex_part": 0, "vertex_part_index": 133, "distance": 0.70195637935765998, "angle": 2.1409279061873998 }, "geometry": { "type": "Point", "coordinates": [ 14.723303, 41.34793, 5423.0 ] } },
{ "type": "Feature", "properties": { "Name": "PH-NXH", "description": null, "timestamp": null, "begin": "2025-05-24T11:24:59.393Z", "end": "2025-05-24T13:41:05.445Z", "altitudeMode": null, "tessellate": -1, "extrude": 0, "visibility": -1, "drawOrder": null, "icon": null, "vertex_index": 134, "vertex_part": 0, "vertex_part_index": 134, "distance": 0.72338573112106996, "angle": 2.13413626818675 }, "geometry": { "type": "Point", "coordinates": [ 14.724114, 41.369344, 5530.0 ] } },
{ "type": "Feature", "properties": { "Name": "PH-NXH", "description": null, "timestamp": null, "begin": "2025-05-24T11:24:59.393Z", "end": "2025-05-24T13:41:05.445Z", "altitudeMode": null, "tessellate": -1, "extrude": 0, "visibility": -1, "drawOrder": null, "icon": null, "vertex_index": 135, "vertex_part": 0, "vertex_part_index": 135, "distance": 0.74555160906443996, "angle": 2.1176934174390101 }, "geometry": { "type": "Point", "coordinates": [ 14.724926, 41.391495, 5652.0 ] } },
{ "type": "Feature", "properties": { "Name": "PH-NXH", "description": null, "timestamp": null, "begin": "2025-05-24T11:24:59.393Z", "end": "2025-05-24T13:41:05.445Z", "altitudeMode": null, "tessellate": -1, "extrude": 0, "visibility": -1, "drawOrder": null, "icon": null, "vertex_index": 136, "vertex_part": 0, "vertex_part_index": 136, "distance": 0.76731072800340006, "angle": 2.1306342287592899 }, "geometry": { "type": "Point", "coordinates": [ 14.725737, 41.413239, 5766.0 ] } },
{ "type": "Feature", "properties": { "Name": "PH-NXH", "description": null, "timestamp": null, "begin": "2025-05-24T11:24:59.393Z", "end": "2025-05-24T13:41:05.445Z", "altitudeMode": null, "tessellate": -1, "extrude": 0, "visibility": -1, "drawOrder": null, "icon": null, "vertex_index": 137, "vertex_part": 0, "vertex_part_index": 137, "distance": 0.78920678940722, "angle": 2.0551909331149698 }, "geometry": { "type": "Point", "coordinates": [ 14.726549, 41.43512, 5880.0 ] } },
{ "type": "Feature", "properties": { "Name": "PH-NXH", "description": null, "timestamp": null, "begin": "2025-05-24T11:24:59.393Z", "end": "2025-05-24T13:41:05.445Z", "altitudeMode": null, "tessellate": -1, "extrude": 0, "visibility": -1, "drawOrder": null, "icon": null, "vertex_index": 138, "vertex_part": 0, "vertex_part_index": 138, "distance": 0.81091581794376, "angle": 2.0651105886326699 }, "geometry": { "type": "Point", "coordinates": [ 14.727301, 41.456816, 5995.0 ] } },
{ "type": "Feature", "properties": { "Name": "PH-NXH", "description": null, "timestamp": null, "begin": "2025-05-24T11:24:59.393Z", "end": "2025-05-24T13:41:05.445Z", "altitudeMode": null, "tessellate": -1, "extrude": 0, "visibility": -1, "drawOrder": null, "icon": null, "vertex_index": 139, "vertex_part": 0, "vertex_part_index": 139, "distance": 0.83309035696941003, "angle": 2.2112767166334 }, "geometry": { "type": "Point", "coordinates": [ 14.728131, 41.478975, 6101.0 ] } },
{ "type": "Feature", "properties": { "Name": "PH-NXH", "description": null, "timestamp": null, "begin": "2025-05-24T11:24:59.393Z", "end": "2025-05-24T13:41:05.445Z", "altitudeMode": null, "tessellate": -1, "extrude": 0, "visibility": -1, "drawOrder": null, "icon": null, "vertex_index": 140, "vertex_part": 0, "vertex_part_index": 140, "distance": 0.84353360598492, "angle": 2.1629810173244901 }, "geometry": { "type": "Point", "coordinates": [ 14.728546, 41.48941, 6139.0 ] } },
{ "type": "Feature", "properties": { "Name": "PH-NXH", "description": null, "timestamp": null, "begin": "2025-05-24T11:24:59.393Z", "end": "2025-05-24T13:41:05.445Z", "altitudeMode": null, "tessellate": -1, "extrude": 0, "visibility": -1, "drawOrder": null, "icon": null, "vertex_index": 141, "vertex_part": 0, "vertex_part_index": 141, "distance": 0.87321557509075998, "angle": 2.0782947807710599 }, "geometry": { "type": "Point", "coordinates": [ 14.729607, 41.519073, 6223.0 ] } },
{ "type": "Feature", "properties": { "Name": "PH-NXH", "description": null, "timestamp": null, "begin": "2025-05-24T11:24:59.393Z", "end": "2025-05-24T13:41:05.445Z", "altitudeMode": null, "tessellate": -1, "extrude": 0, "visibility": -1, "drawOrder": null, "icon": null, "vertex_index": 142, "vertex_part": 0, "vertex_part_index": 142, "distance": 0.89732889460509002, "angle": 2.1616638371036001 }, "geometry": { "type": "Point", "coordinates": [ 14.730494, 41.54317, 6330.0 ] } },
{ "type": "Feature", "properties": { "Name": "PH-NXH", "description": null, "timestamp": null, "begin": "2025-05-24T11:24:59.393Z", "end": "2025-05-24T13:41:05.445Z", "altitudeMode": null, "tessellate": -1, "extrude": 0, "visibility": -1, "drawOrder": null, "icon": null, "vertex_index": 143, "vertex_part": 0, "vertex_part_index": 143, "distance": 0.92048319861104, "angle": 2.1863916134802199 }, "geometry": { "type": "Point", "coordinates": [ 14.731389, 41.566307, 6414.0 ] } },
{ "type": "Feature", "properties": { "Name": "PH-NXH", "description": null, "timestamp": null, "begin": "2025-05-24T11:24:59.393Z", "end": "2025-05-24T13:41:05.445Z", "altitudeMode": null, "tessellate": -1, "extrude": 0, "visibility": -1, "drawOrder": null, "icon": null, "vertex_index": 144, "vertex_part": 0, "vertex_part_index": 144, "distance": 0.93450814099950996, "angle": 1.90904756664947 }, "geometry": { "type": "Point", "coordinates": [ 14.731917, 41.580322, 6490.0 ] } },
{ "type": "Feature", "properties": { "Name": "PH-NXH", "description": null, "timestamp": null, "begin": "2025-05-24T11:24:59.393Z", "end": "2025-05-24T13:41:05.445Z", "altitudeMode": null, "tessellate": -1, "extrude": 0, "visibility": -1, "drawOrder": null, "icon": null, "vertex_index": 145, "vertex_part": 0, "vertex_part_index": 145, "distance": 0.94051266262907995, "angle": 1.9529780856891701 }, "geometry": { "type": "Point", "coordinates": [ 14.732091, 41.586324, 6536.0 ] } },
{ "type": "Feature", "properties": { "Name": "PH-NXH", "description": null, "timestamp": null, "begin": "2025-05-24T11:24:59.393Z", "end": "2025-05-24T13:41:05.445Z", "altitudeMode": null, "tessellate": -1, "extrude": 0, "visibility": -1, "drawOrder": null, "icon": null, "vertex_index": 146, "vertex_part": 0, "vertex_part_index": 146, "distance": 0.95677114610695002, "angle": 2.1850860104119998 }, "geometry": { "type": "Point", "coordinates": [ 14.732728, 41.60257, 6658.0 ] } },
{ "type": "Feature", "properties": { "Name": "PH-NXH", "description": null, "timestamp": null, "begin": "2025-05-24T11:24:59.393Z", "end": "2025-05-24T13:41:05.445Z", "altitudeMode": null, "tessellate": -1, "extrude": 0, "visibility": -1, "drawOrder": null, "icon": null, "vertex_index": 147, "vertex_part": 0, "vertex_part_index": 147, "distance": 0.97060765932379001, "angle": 2.1607505496215298 }, "geometry": { "type": "Point", "coordinates": [ 14.733241, 41.616397, 6741.0 ] } },
{ "type": "Feature", "properties": { "Name": "PH-NXH", "description": null, "timestamp": null, "begin": "2025-05-24T11:24:59.393Z", "end": "2025-05-24T13:41:05.445Z", "altitudeMode": null, "tessellate": -1, "extrude": 0, "visibility": -1, "drawOrder": null, "icon": null, "vertex_index": 148, "vertex_part": 0, "vertex_part_index": 148, "distance": 0.98560868345550001, "angle": 2.1897325714586899 }, "geometry": { "type": "Point", "coordinates": [ 14.733816, 41.631387, 6840.0 ] } },
{ "type": "Feature", "properties": { "Name": "PH-NXH", "description": null, "timestamp": null, "begin": "2025-05-24T11:24:59.393Z", "end": "2025-05-24T13:41:05.445Z", "altitudeMode": null, "tessellate": -1, "extrude": 0, "visibility": -1, "drawOrder": null, "icon": null, "vertex_index": 149, "vertex_part": 0, "vertex_part_index": 149, "distance": 0.99902541815512003, "angle": 2.0444306247302602 }, "geometry": { "type": "Point", "coordinates": [ 14.734327, 41.644794, 6901.0 ] } },
{ "type": "Feature", "properties": { "Name": "PH-NXH", "description": null, "timestamp": null, "begin": "2025-05-24T11:24:59.393Z", "end": "2025-05-24T13:41:05.445Z", "altitudeMode": null, "tessellate": -1, "extrude": 0, "visibility": -1, "drawOrder": null, "icon": null, "vertex_index": 150, "vertex_part": 0, "vertex_part_index": 150, "distance": 1.01288508716271, "angle": 2.1025985373115099 }, "geometry": { "type": "Point", "coordinates": [ 14.734788, 41.658646, 6962.0 ] } },
{ "type": "Feature", "properties": { "Name": "PH-NXH", "description": null, "timestamp": null, "begin": "2025-05-24T11:24:59.393Z", "end": "2025-05-24T13:41:05.445Z", "altitudeMode": null, "tessellate": -1, "extrude": 0, "visibility": -1, "drawOrder": null, "icon": null, "vertex_index": 151, "vertex_part": 0, "vertex_part_index": 151, "distance": 1.0220834914808501, "angle": 2.1965000520060101 }, "geometry": { "type": "Point", "coordinates": [ 14.735157, 41.667837, 6979.0 ] } },
{ "type": "Feature", "properties": { "Name": "PH-NXH", "description": null, "timestamp": null, "begin": "2025-05-24T11:24:59.393Z", "end": "2025-05-24T13:41:05.445Z", "altitudeMode": null, "tessellate": -1, "extrude": 0, "visibility": -1, "drawOrder": null, "icon": null, "vertex_index": 152, "vertex_part": 0, "vertex_part_index": 152, "distance": 1.0547072752589499, "angle": 2.07857093679642 }, "geometry": { "type": "Point", "coordinates": [ 14.736349, 41.700439, 7062.0 ] } },
{ "type": "Feature", "properties": { "Name": "PH-NXH", "description": null, "timestamp": null, "begin": "2025-05-24T11:24:59.393Z", "end": "2025-05-24T13:41:05.445Z", "altitudeMode": null, "tessellate": -1, "extrude": 0, "visibility": -1, "drawOrder": null, "icon": null, "vertex_index": 153, "vertex_part": 0, "vertex_part_index": 153, "distance": 1.08548322690955, "angle": 2.16293945194783 }, "geometry": { "type": "Point", "coordinates": [ 14.737457, 41.731195, 7146.0 ] } },
{ "type": "Feature", "properties": { "Name": "PH-NXH", "description": null, "timestamp": null, "begin": "2025-05-24T11:24:59.393Z", "end": "2025-05-24T13:41:05.445Z", "altitudeMode": null, "tessellate": -1, "extrude": 0, "visibility": -1, "drawOrder": null, "icon": null, "vertex_index": 154, "vertex_part": 0, "vertex_part_index": 154, "distance": 1.10326409002133, "angle": 2.2139257360821998 }, "geometry": { "type": "Point", "coordinates": [ 14.738159, 41.748962, 7215.0 ] } },
{ "type": "Feature", "properties": { "Name": "PH-NXH", "description": null, "timestamp": null, "begin": "2025-05-24T11:24:59.393Z", "end": "2025-05-24T13:41:05.445Z", "altitudeMode": null, "tessellate": -1, "extrude": 0, "visibility": -1, "drawOrder": null, "icon": null, "vertex_index": 155, "vertex_part": 0, "vertex_part_index": 155, "distance": 1.1263976060748799, "angle": 2.1279182484989798 }, "geometry": { "type": "Point", "coordinates": [ 14.739033, 41.772079, 7329.0 ] } },
{ "type": "Feature", "properties": { "Name": "PH-NXH", "description": null, "timestamp": null, "begin": "2025-05-24T11:24:59.393Z", "end": "2025-05-24T13:41:05.445Z", "altitudeMode": null, "tessellate": -1, "extrude": 0, "visibility": -1, "drawOrder": null, "icon": null, "vertex_index": 156, "vertex_part": 0, "vertex_part_index": 156, "distance": 1.1503555533993099, "angle": 2.1436657604699101 }, "geometry": { "type": "Point", "coordinates": [ 14.739907, 41.796021, 7443.0 ] } },
{ "type": "Feature", "properties": { "Name": "PH-NXH", "description": null, "timestamp": null, "begin": "2025-05-24T11:24:59.393Z", "end": "2025-05-24T13:41:05.445Z", "altitudeMode": null, "tessellate": -1, "extrude": 0, "visibility": -1, "drawOrder": null, "icon": null, "vertex_index": 157, "vertex_part": 0, "vertex_part_index": 157, "distance": 1.1764187062592399, "angle": 2.1546092142389202 }, "geometry": { "type": "Point", "coordinates": [ 14.740906, 41.822065, 7543.0 ] } },
{ "type": "Feature", "properties": { "Name": "PH-NXH", "description": null, "timestamp": null, "begin": "2025-05-24T11:24:59.393Z", "end": "2025-05-24T13:41:05.445Z", "altitudeMode": null, "tessellate": -1, "extrude": 0, "visibility": -1, "drawOrder": null, "icon": null, "vertex_index": 158, "vertex_part": 0, "vertex_part_index": 158, "distance": 1.20688341149333, "angle": 2.1231264201882198 }, "geometry": { "type": "Point", "coordinates": [ 14.742029, 41.852509, 7634.0 ] } },
{ "type": "Feature", "properties": { "Name": "PH-NXH", "description": null, "timestamp": null, "begin": "2025-05-24T11:24:59.393Z", "end": "2025-05-24T13:41:05.445Z", "altitudeMode": null, "tessellate": -1, "extrude": 0, "visibility": -1, "drawOrder": null, "icon": null, "vertex_index": 159, "vertex_part": 0, "vertex_part_index": 159, "distance": 1.2384693113855301, "angle": 2.0825064219328802 }, "geometry": { "type": "Point", "coordinates": [ 14.743205, 41.884073, 7718.0 ] } },
{ "type": "Feature", "properties": { "Name": "PH-NXH", "description": null, "timestamp": null, "begin": "2025-05-24T11:24:59.393Z", "end": "2025-05-24T13:41:05.445Z", "altitudeMode": null, "tessellate": -1, "extrude": 0, "visibility": -1, "drawOrder": null, "icon": null, "vertex_index": 160, "vertex_part": 0, "vertex_part_index": 160, "distance": 1.2673024296525499, "angle": 2.1329437723487699 }, "geometry": { "type": "Point", "coordinates": [ 14.744227, 41.912888, 7824.0 ] } },
{ "type": "Feature", "properties": { "Name": "PH-NXH", "description": null, "timestamp": null, "begin": "2025-05-24T11:24:59.393Z", "end": "2025-05-24T13:41:05.445Z", "altitudeMode": null, "tessellate": -1, "extrude": 0, "visibility": -1, "drawOrder": null, "icon": null, "vertex_index": 161, "vertex_part": 0, "vertex_part_index": 161, "distance": 1.2957960974578699, "angle": 2.1780191576115402 }, "geometry": { "type": "Point", "coordinates": [ 14.745338, 41.94136, 7916.0 ] } },
{ "type": "Feature", "properties": { "Name": "PH-NXH", "description": null, "timestamp": null, "begin": "2025-05-24T11:24:59.393Z", "end": "2025-05-24T13:41:05.445Z", "altitudeMode": null, "tessellate": -1, "extrude": 0, "visibility": -1, "drawOrder": null, "icon": null, "vertex_index": 162, "vertex_part": 0, "vertex_part_index": 162, "distance": 1.32618692707801, "angle": 2.16624569504269 }, "geometry": { "type": "Point", "coordinates": [ 14.746463, 41.97173, 8008.0 ] } },
{ "type": "Feature", "properties": { "Name": "PH-NXH", "description": null, "timestamp": null, "begin": "2025-05-24T11:24:59.393Z", "end": "2025-05-24T13:41:05.445Z", "altitudeMode": null, "tessellate": -1, "extrude": 0, "visibility": -1, "drawOrder": null, "icon": null, "vertex_index": 163, "vertex_part": 0, "vertex_part_index": 163, "distance": 1.3585089909508401, "angle": 2.1465813158169 }, "geometry": { "type": "Point", "coordinates": [ 14.74771, 42.004028, 8100.0 ] } },
{ "type": "Feature", "properties": { "Name": "PH-NXH", "description": null, "timestamp": null, "begin": "2025-05-24T11:24:59.393Z", "end": "2025-05-24T13:41:05.445Z", "altitudeMode": null, "tessellate": -1, "extrude": 0, "visibility": -1, "drawOrder": null, "icon": null, "vertex_index": 164, "vertex_part": 0, "vertex_part_index": 164, "distance": 1.3909874337860499, "angle": 2.1846929102480801 }, "geometry": { "type": "Point", "coordinates": [ 14.74889, 42.036485, 8184.0 ] } },
{ "type": "Feature", "properties": { "Name": "PH-NXH", "description": null, "timestamp": null, "begin": "2025-05-24T11:24:59.393Z", "end": "2025-05-24T13:41:05.445Z", "altitudeMode": null, "tessellate": -1, "extrude": 0, "visibility": -1, "drawOrder": null, "icon": null, "vertex_index": 165, "vertex_part": 0, "vertex_part_index": 165, "distance": 1.4005840795542399, "angle": 2.2278979795309 }, "geometry": { "type": "Point", "coordinates": [ 14.749273, 42.046074, 8206.0 ] } },
{ "type": "Feature", "properties": { "Name": "PH-NXH", "description": null, "timestamp": null, "begin": "2025-05-24T11:24:59.393Z", "end": "2025-05-24T13:41:05.445Z", "altitudeMode": null, "tessellate": -1, "extrude": 0, "visibility": -1, "drawOrder": null, "icon": null, "vertex_index": 166, "vertex_part": 0, "vertex_part_index": 166, "distance": 1.40711175433168, "angle": 2.24502862835425 }, "geometry": { "type": "Point", "coordinates": [ 14.74952, 42.052597, 8237.0 ] } },
{ "type": "Feature", "properties": { "Name": "PH-NXH", "description": null, "timestamp": null, "begin": "2025-05-24T11:24:59.393Z", "end": "2025-05-24T13:41:05.445Z", "altitudeMode": null, "tessellate": -1, "extrude": 0, "visibility": -1, "drawOrder": null, "icon": null, "vertex_index": 167, "vertex_part": 0, "vertex_part_index": 167, "distance": 1.41362910348605, "angle": 2.2250053901825799 }, "geometry": { "type": "Point", "coordinates": [ 14.749784, 42.059109, 8283.0 ] } },
{ "type": "Feature", "properties": { "Name": "PH-NXH", "description": null, "timestamp": null, "begin": "2025-05-24T11:24:59.393Z", "end": "2025-05-24T13:41:05.445Z", "altitudeMode": null, "tessellate": -1, "extrude": 0, "visibility": -1, "drawOrder": null, "icon": null, "vertex_index": 168, "vertex_part": 0, "vertex_part_index": 168, "distance": 1.4153522923903801, "angle": 1.91085956758326 }, "geometry": { "type": "Point", "coordinates": [ 14.749848, 42.060831, 8283.0 ] } },
{ "type": "Feature", "properties": { "Name": "PH-NXH", "description": null, "timestamp": null, "begin": "2025-05-24T11:24:59.393Z", "end": "2025-05-24T13:41:05.445Z", "altitudeMode": null, "tessellate": -1, "extrude": 0, "visibility": -1, "drawOrder": null, "icon": null, "vertex_index": 169, "vertex_part": 0, "vertex_part_index": 169, "distance": 1.4196841838940999, "angle": 2.1233236594356502 }, "geometry": { "type": "Point", "coordinates": [ 14.749976, 42.065161, 8321.0 ] } },
{ "type": "Feature", "properties": { "Name": "PH-NXH", "description": null, "timestamp": null, "begin": "2025-05-24T11:24:59.393Z", "end": "2025-05-24T13:41:05.445Z", "altitudeMode": null, "tessellate": -1, "extrude": 0, "visibility": -1, "drawOrder": null, "icon": null, "vertex_index": 170, "vertex_part": 0, "vertex_part_index": 170, "distance": 1.42397144059273, "angle": 2.4238031436627701 }, "geometry": { "type": "Point", "coordinates": [ 14.750167, 42.069444, 8351.0 ] } },
{ "type": "Feature", "properties": { "Name": "PH-NXH", "description": null, "timestamp": null, "begin": "2025-05-24T11:24:59.393Z", "end": "2025-05-24T13:41:05.445Z", "altitudeMode": null, "tessellate": -1, "extrude": 0, "visibility": -1, "drawOrder": null, "icon": null, "vertex_index": 171, "vertex_part": 0, "vertex_part_index": 171, "distance": 1.4367366725138599, "angle": 2.2286580715385602 }, "geometry": { "type": "Point", "coordinates": [ 14.750678, 42.082199, 8473.0 ] } },
{ "type": "Feature", "properties": { "Name": "PH-NXH", "description": null, "timestamp": null, "begin": "2025-05-24T11:24:59.393Z", "end": "2025-05-24T13:41:05.445Z", "altitudeMode": null, "tessellate": -1, "extrude": 0, "visibility": -1, "drawOrder": null, "icon": null, "vertex_index": 172, "vertex_part": 0, "vertex_part_index": 172, "distance": 1.4452147137970801, "angle": 2.17071362748564 }, "geometry": { "type": "Point", "coordinates": [ 14.750998, 42.090671, 8549.0 ] } },
{ "type": "Feature", "properties": { "Name": "PH-NXH", "description": null, "timestamp": null, "begin": "2025-05-24T11:24:59.393Z", "end": "2025-05-24T13:41:05.445Z", "altitudeMode": null, "tessellate": -1, "extrude": 0, "visibility": -1, "drawOrder": null, "icon": null, "vertex_index": 173, "vertex_part": 0, "vertex_part_index": 173, "distance": 1.45192356176077, "angle": 2.18257608034759 }, "geometry": { "type": "Point", "coordinates": [ 14.751253, 42.097375, 8603.0 ] } },
{ "type": "Feature", "properties": { "Name": "PH-NXH", "description": null, "timestamp": null, "begin": "2025-05-24T11:24:59.393Z", "end": "2025-05-24T13:41:05.445Z", "altitudeMode": null, "tessellate": -1, "extrude": 0, "visibility": -1, "drawOrder": null, "icon": null, "vertex_index": 174, "vertex_part": 0, "vertex_part_index": 174, "distance": 1.45695522629649, "angle": 2.2892523556003899 }, "geometry": { "type": "Point", "coordinates": [ 14.751445, 42.102403, 8626.0 ] } },
{ "type": "Feature", "properties": { "Name": "PH-NXH", "description": null, "timestamp": null, "begin": "2025-05-24T11:24:59.393Z", "end": "2025-05-24T13:41:05.445Z", "altitudeMode": null, "tessellate": -1, "extrude": 0, "visibility": -1, "drawOrder": null, "icon": null, "vertex_index": 175, "vertex_part": 0, "vertex_part_index": 175, "distance": 1.46613322112107, "angle": 2.3091150057299301 }, "geometry": { "type": "Point", "coordinates": [ 14.751828, 42.111573, 8679.0 ] } },
{ "type": "Feature", "properties": { "Name": "PH-NXH", "description": null, "timestamp": null, "begin": "2025-05-24T11:24:59.393Z", "end": "2025-05-24T13:41:05.445Z", "altitudeMode": null, "tessellate": -1, "extrude": 0, "visibility": -1, "drawOrder": null, "icon": null, "vertex_index": 176, "vertex_part": 0, "vertex_part_index": 176, "distance": 1.47743275217329, "angle": 2.16226004466996 }, "geometry": { "type": "Point", "coordinates": [ 14.752267, 42.122864, 8725.0 ] } },
{ "type": "Feature", "properties": { "Name": "PH-NXH", "description": null, "timestamp": null, "begin": "2025-05-24T11:24:59.393Z", "end": "2025-05-24T13:41:05.445Z", "altitudeMode": null, "tessellate": -1, "extrude": 0, "visibility": -1, "drawOrder": null, "icon": null, "vertex_index": 177, "vertex_part": 0, "vertex_part_index": 177, "distance": 1.5038204397567001, "angle": 2.09707712985937 }, "geometry": { "type": "Point", "coordinates": [ 14.753233, 42.149234, 8816.0 ] } },
{ "type": "Feature", "properties": { "Name": "PH-NXH", "description": null, "timestamp": null, "begin": "2025-05-24T11:24:59.393Z", "end": "2025-05-24T13:41:05.445Z", "altitudeMode": null, "tessellate": -1, "extrude": 0, "visibility": -1, "drawOrder": null, "icon": null, "vertex_index": 178, "vertex_part": 0, "vertex_part_index": 178, "distance": 1.53542458861409, "angle": 2.1361217668411498 }, "geometry": { "type": "Point", "coordinates": [ 14.754389, 42.180817, 8900.0 ] } },
{ "type": "Feature", "properties": { "Name": "PH-NXH", "description": null, "timestamp": null, "begin": "2025-05-24T11:24:59.393Z", "end": "2025-05-24T13:41:05.445Z", "altitudeMode": null, "tessellate": -1, "extrude": 0, "visibility": -1, "drawOrder": null, "icon": null, "vertex_index": 179, "vertex_part": 0, "vertex_part_index": 179, "distance": 1.56336773893756, "angle": 1.99494097558595 }, "geometry": { "type": "Point", "coordinates": [ 14.75545, 42.20874, 8992.0 ] } },
{ "type": "Feature", "properties": { "Name": "PH-NXH", "description": null, "timestamp": null, "begin": "2025-05-24T11:24:59.393Z", "end": "2025-05-24T13:41:05.445Z", "altitudeMode": null, "tessellate": -1, "extrude": 0, "visibility": -1, "drawOrder": null, "icon": null, "vertex_index": 180, "vertex_part": 0, "vertex_part_index": 180, "distance": 1.5692756991608501, "angle": 2.05495966127115 }, "geometry": { "type": "Point", "coordinates": [ 14.755637, 42.214645, 9023.0 ] } },
{ "type": "Feature", "properties": { "Name": "PH-NXH", "description": null, "timestamp": null, "begin": "2025-05-24T11:24:59.393Z", "end": "2025-05-24T13:41:05.445Z", "altitudeMode": null, "tessellate": -1, "extrude": 0, "visibility": -1, "drawOrder": null, "icon": null, "vertex_index": 181, "vertex_part": 0, "vertex_part_index": 181, "distance": 1.57304472516236, "angle": 2.46017759865066 }, "geometry": { "type": "Point", "coordinates": [ 14.755788, 42.218411, 9038.0 ] } },
{ "type": "Feature", "properties": { "Name": "PH-NXH", "description": null, "timestamp": null, "begin": "2025-05-24T11:24:59.393Z", "end": "2025-05-24T13:41:05.445Z", "altitudeMode": null, "tessellate": -1, "extrude": 0, "visibility": -1, "drawOrder": null, "icon": null, "vertex_index": 182, "vertex_part": 0, "vertex_part_index": 182, "distance": 1.57723812294935, "angle": 2.4055600171606 }, "geometry": { "type": "Point", "coordinates": [ 14.75598, 42.2226, 9076.0 ] } },
{ "type": "Feature", "properties": { "Name": "PH-NXH", "description": null, "timestamp": null, "begin": "2025-05-24T11:24:59.393Z", "end": "2025-05-24T13:41:05.445Z", "altitudeMode": null, "tessellate": -1, "extrude": 0, "visibility": -1, "drawOrder": null, "icon": null, "vertex_index": 183, "vertex_part": 0, "vertex_part_index": 183, "distance": 1.58394700899698, "angle": 2.1286522171692401 }, "geometry": { "type": "Point", "coordinates": [ 14.756236, 42.229304, 9129.0 ] } },
{ "type": "Feature", "properties": { "Name": "PH-NXH", "description": null, "timestamp": null, "begin": "2025-05-24T11:24:59.393Z", "end": "2025-05-24T13:41:05.445Z", "altitudeMode": null, "tessellate": -1, "extrude": 0, "visibility": -1, "drawOrder": null, "icon": null, "vertex_index": 184, "vertex_part": 0, "vertex_part_index": 184, "distance": 1.59676237547633, "angle": 2.2042178733431199 }, "geometry": { "type": "Point", "coordinates": [ 14.756699, 42.242111, 9251.0 ] } },
{ "type": "Feature", "properties": { "Name": "PH-NXH", "description": null, "timestamp": null, "begin": "2025-05-24T11:24:59.393Z", "end": "2025-05-24T13:41:05.445Z", "altitudeMode": null, "tessellate": -1, "extrude": 0, "visibility": -1, "drawOrder": null, "icon": null, "vertex_index": 185, "vertex_part": 0, "vertex_part_index": 185, "distance": 1.6089945578245399, "angle": 2.2806515715827298 }, "geometry": { "type": "Point", "coordinates": [ 14.757198, 42.254333, 9366.0 ] } },
{ "type": "Feature", "properties": { "Name": "PH-NXH", "description": null, "timestamp": null, "begin": "2025-05-24T11:24:59.393Z", "end": "2025-05-24T13:41:05.445Z", "altitudeMode": null, "tessellate": -1, "extrude": 0, "visibility": -1, "drawOrder": null, "icon": null, "vertex_index": 186, "vertex_part": 0, "vertex_part_index": 186, "distance": 1.6186608345638001, "angle": 2.2256286482154399 }, "geometry": { "type": "Point", "coordinates": [ 14.757573, 42.263992, 9427.0 ] } },
{ "type": "Feature", "properties": { "Name": "PH-NXH", "description": null, "timestamp": null, "begin": "2025-05-24T11:24:59.393Z", "end": "2025-05-24T13:41:05.445Z", "altitudeMode": null, "tessellate": -1, "extrude": 0, "visibility": -1, "drawOrder": null, "icon": null, "vertex_index": 187, "vertex_part": 0, "vertex_part_index": 187, "distance": 1.6330917430937599, "angle": 1.2279185585077499 }, "geometry": { "type": "Point", "coordinates": [ 14.758134, 42.278412, 9541.0 ] } },
{ "type": "Feature", "properties": { "Name": "PH-NXH", "description": null, "timestamp": null, "begin": "2025-05-24T11:24:59.393Z", "end": "2025-05-24T13:41:05.445Z", "altitudeMode": null, "tessellate": -1, "extrude": 0, "visibility": -1, "drawOrder": null, "icon": null, "vertex_index": 188, "vertex_part": 0, "vertex_part_index": 188, "distance": 1.6489298683931699, "angle": 358.71923452067898 }, "geometry": { "type": "Point", "coordinates": [ 14.758197, 42.29425, 9640.0 ] } },
{ "type": "Feature", "properties": { "Name": "PH-NXH", "description": null, "timestamp": null, "begin": "2025-05-24T11:24:59.393Z", "end": "2025-05-24T13:41:05.445Z", "altitudeMode": null, "tessellate": -1, "extrude": 0, "visibility": -1, "drawOrder": null, "icon": null, "vertex_index": 189, "vertex_part": 0, "vertex_part_index": 189, "distance": 1.66304659496133, "angle": 355.61990227139017 }, "geometry": { "type": "Point", "coordinates": [ 14.75751, 42.30835, 9701.0 ] } },
{ "type": "Feature", "properties": { "Name": "PH-NXH", "description": null, "timestamp": null, "begin": "2025-05-24T11:24:59.393Z", "end": "2025-05-24T13:41:05.445Z", "altitudeMode": null, "tessellate": -1, "extrude": 0, "visibility": -1, "drawOrder": null, "icon": null, "vertex_index": 190, "vertex_part": 0, "vertex_part_index": 190, "distance": 1.67864923746188, "angle": 352.44850679460802 }, "geometry": { "type": "Point", "coordinates": [ 14.755887, 42.323868, 9770.0 ] } },
{ "type": "Feature", "properties": { "Name": "PH-NXH", "description": null, "timestamp": null, "begin": "2025-05-24T11:24:59.393Z", "end": "2025-05-24T13:41:05.445Z", "altitudeMode": null, "tessellate": -1, "extrude": 0, "visibility": -1, "drawOrder": null, "icon": null, "vertex_index": 191, "vertex_part": 0, "vertex_part_index": 191, "distance": 1.69537119356755, "angle": 349.55912689182549 }, "geometry": { "type": "Point", "coordinates": [ 14.753233, 42.340378, 9838.0 ] } },
{ "type": "Feature", "properties": { "Name": "PH-NXH", "description": null, "timestamp": null, "begin": "2025-05-24T11:24:59.393Z", "end": "2025-05-24T13:41:05.445Z", "altitudeMode": null, "tessellate": -1, "extrude": 0, "visibility": -1, "drawOrder": null, "icon": null, "vertex_index": 192, "vertex_part": 0, "vertex_part_index": 192, "distance": 1.7116799068828299, "angle": 346.71167995466146 }, "geometry": { "type": "Point", "coordinates": [ 14.749912, 42.356345, 9922.0 ] } },
{ "type": "Feature", "properties": { "Name": "PH-NXH", "description": null, "timestamp": null, "begin": "2025-05-24T11:24:59.393Z", "end": "2025-05-24T13:41:05.445Z", "altitudeMode": null, "tessellate": -1, "extrude": 0, "visibility": -1, "drawOrder": null, "icon": null, "vertex_index": 193, "vertex_part": 0, "vertex_part_index": 193, "distance": 1.73443458416027, "angle": 344.99725800857374 }, "geometry": { "type": "Point", "coordinates": [ 14.744089, 42.378342, 10021.0 ] } },
{ "type": "Feature", "properties": { "Name": "PH-NXH", "description": null, "timestamp": null, "begin": "2025-05-24T11:24:59.393Z", "end": "2025-05-24T13:41:05.445Z", "altitudeMode": null, "tessellate": -1, "extrude": 0, "visibility": -1, "drawOrder": null, "icon": null, "vertex_index": 194, "vertex_part": 0, "vertex_part_index": 194, "distance": 1.74373088127256, "angle": 344.9585043741078 }, "geometry": { "type": "Point", "coordinates": [ 14.741655, 42.387314, 10052.0 ] } },
{ "type": "Feature", "properties": { "Name": "PH-NXH", "description": null, "timestamp": null, "begin": "2025-05-24T11:24:59.393Z", "end": "2025-05-24T13:41:05.445Z", "altitudeMode": null, "tessellate": -1, "extrude": 0, "visibility": -1, "drawOrder": null, "icon": null, "vertex_index": 195, "vertex_part": 0, "vertex_part_index": 195, "distance": 1.75186039644875, "angle": 345.04584938352946 }, "geometry": { "type": "Point", "coordinates": [ 14.739564, 42.39517, 10067.0 ] } },
{ "type": "Feature", "properties": { "Name": "PH-NXH", "description": null, "timestamp": null, "begin": "2025-05-24T11:24:59.393Z", "end": "2025-05-24T13:41:05.445Z", "altitudeMode": null, "tessellate": -1, "extrude": 0, "visibility": -1, "drawOrder": null, "icon": null, "vertex_index": 196, "vertex_part": 0, "vertex_part_index": 196, "distance": 1.79109079008684, "angle": 345.00539582760291 }, "geometry": { "type": "Point", "coordinates": [ 14.729408, 42.433063, 10098.0 ] } },
{ "type": "Feature", "properties": { "Name": "PH-NXH", "description": null, "timestamp": null, "begin": "2025-05-24T11:24:59.393Z", "end": "2025-05-24T13:41:05.445Z", "altitudeMode": null, "tessellate": -1, "extrude": 0, "visibility": -1, "drawOrder": null, "icon": null, "vertex_index": 197, "vertex_part": 0, "vertex_part_index": 197, "distance": 1.82641513134043, "angle": 345.07279035945561 }, "geometry": { "type": "Point", "coordinates": [ 14.720274, 42.467186, 10113.0 ] } },
{ "type": "Feature", "properties": { "Name": "PH-NXH", "description": null, "timestamp": null, "begin": "2025-05-24T11:24:59.393Z", "end": "2025-05-24T13:41:05.445Z", "altitudeMode": null, "tessellate": -1, "extrude": 0, "visibility": -1, "drawOrder": null, "icon": null, "vertex_index": 198, "vertex_part": 0, "vertex_part_index": 198, "distance": 1.8664879456913099, "angle": 345.05625808611234 }, "geometry": { "type": "Point", "coordinates": [ 14.709991, 42.505917, 10136.0 ] } },
{ "type": "Feature", "properties": { "Name": "PH-NXH", "description": null, "timestamp": null, "begin": "2025-05-24T11:24:59.393Z", "end": "2025-05-24T13:41:05.445Z", "altitudeMode": null, "tessellate": -1, "extrude": 0, "visibility": -1, "drawOrder": null, "icon": null, "vertex_index": 199, "vertex_part": 0, "vertex_part_index": 199, "distance": 1.9054332495032, "angle": 345.05274223105829 }, "geometry": { "type": "Point", "coordinates": [ 14.699899, 42.543532, 10205.0 ] } },
{ "type": "Feature", "properties": { "Name": "PH-NXH", "description": null, "timestamp": null, "begin": "2025-05-24T11:24:59.393Z", "end": "2025-05-24T13:41:05.445Z", "altitudeMode": null, "tessellate": -1, "extrude": 0, "visibility": -1, "drawOrder": null, "icon": null, "vertex_index": 200, "vertex_part": 0, "vertex_part_index": 200, "distance": 1.9430024140533999, "angle": 345.02909299387926 }, "geometry": { "type": "Point", "coordinates": [ 14.690254, 42.579842, 10273.0 ] } },
{ "type": "Feature", "properties": { "Name": "PH-NXH", "description": null, "timestamp": null, "begin": "2025-05-24T11:24:59.393Z", "end": "2025-05-24T13:41:05.445Z", "altitudeMode": null, "tessellate": -1, "extrude": 0, "visibility": -1, "drawOrder": null, "icon": null, "vertex_index": 201, "vertex_part": 0, "vertex_part_index": 201, "distance": 1.98084723542964, "angle": 344.97097975822658 }, "geometry": { "type": "Point", "coordinates": [ 14.680417, 42.616386, 10342.0 ] } },
{ "type": "Feature", "properties": { "Name": "PH-NXH", "description": null, "timestamp": null, "begin": "2025-05-24T11:24:59.393Z", "end": "2025-05-24T13:41:05.445Z", "altitudeMode": null, "tessellate": -1, "extrude": 0, "visibility": -1, "drawOrder": null, "icon": null, "vertex_index": 202, "vertex_part": 0, "vertex_part_index": 202, "distance": 2.0201728263088699, "angle": 344.9844854099145 }, "geometry": { "type": "Point", "coordinates": [ 14.670244, 42.654373, 10403.0 ] } },
{ "type": "Feature", "properties": { "Name": "PH-NXH", "description": null, "timestamp": null, "begin": "2025-05-24T11:24:59.393Z", "end": "2025-05-24T13:41:05.445Z", "altitudeMode": null, "tessellate": -1, "extrude": 0, "visibility": -1, "drawOrder": null, "icon": null, "vertex_index": 203, "vertex_part": 0, "vertex_part_index": 203, "distance": 2.0624467099369399, "angle": 344.94648294540855 }, "geometry": { "type": "Point", "coordinates": [ 14.659275, 42.695199, 10435.0 ] } },
{ "type": "Feature", "properties": { "Name": "PH-NXH", "description": null, "timestamp": null, "begin": "2025-05-24T11:24:59.393Z", "end": "2025-05-24T13:41:05.445Z", "altitudeMode": null, "tessellate": -1, "extrude": 0, "visibility": -1, "drawOrder": null, "icon": null, "vertex_index": 204, "vertex_part": 0, "vertex_part_index": 204, "distance": 2.1056905489547701, "angle": 344.94785872294779 }, "geometry": { "type": "Point", "coordinates": [ 14.648033, 42.736956, 10473.0 ] } },
{ "type": "Feature", "properties": { "Name": "PH-NXH", "description": null, "timestamp": null, "begin": "2025-05-24T11:24:59.393Z", "end": "2025-05-24T13:41:05.445Z", "altitudeMode": null, "tessellate": -1, "extrude": 0, "visibility": -1, "drawOrder": null, "icon": null, "vertex_index": 205, "vertex_part": 0, "vertex_part_index": 205, "distance": 2.1239113869706299, "angle": 344.94535608186146 }, "geometry": { "type": "Point", "coordinates": [ 14.643306, 42.754553, 10511.0 ] } },
{ "type": "Feature", "properties": { "Name": "PH-NXH", "description": null, "timestamp": null, "begin": "2025-05-24T11:24:59.393Z", "end": "2025-05-24T13:41:05.445Z", "altitudeMode": null, "tessellate": -1, "extrude": 0, "visibility": -1, "drawOrder": null, "icon": null, "vertex_index": 206, "vertex_part": 0, "vertex_part_index": 206, "distance": 2.1590658915041798, "angle": 344.90911575107776 }, "geometry": { "type": "Point", "coordinates": [ 14.634164, 42.788498, 10587.0 ] } },
{ "type": "Feature", "properties": { "Name": "PH-NXH", "description": null, "timestamp": null, "begin": "2025-05-24T11:24:59.393Z", "end": "2025-05-24T13:41:05.445Z", "altitudeMode": null, "tessellate": -1, "extrude": 0, "visibility": -1, "drawOrder": null, "icon": null, "vertex_index": 207, "vertex_part": 0, "vertex_part_index": 207, "distance": 2.1729580974125402, "angle": 344.87032734681679 }, "geometry": { "type": "Point", "coordinates": [ 14.630543, 42.80191, 10610.0 ] } },
{ "type": "Feature", "properties": { "Name": "PH-NXH", "description": null, "timestamp": null, "begin": "2025-05-24T11:24:59.393Z", "end": "2025-05-24T13:41:05.445Z", "altitudeMode": null, "tessellate": -1, "extrude": 0, "visibility": -1, "drawOrder": null, "icon": null, "vertex_index": 208, "vertex_part": 0, "vertex_part_index": 208, "distance": 2.2050174278172698, "angle": 344.89537195181043 }, "geometry": { "type": "Point", "coordinates": [ 14.622164, 42.832855, 10686.0 ] } },
{ "type": "Feature", "properties": { "Name": "PH-NXH", "description": null, "timestamp": null, "begin": "2025-05-24T11:24:59.393Z", "end": "2025-05-24T13:41:05.445Z", "altitudeMode": null, "tessellate": -1, "extrude": 0, "visibility": -1, "drawOrder": null, "icon": null, "vertex_index": 209, "vertex_part": 0, "vertex_part_index": 209, "distance": 2.2400628553221602, "angle": 344.90833879051314 }, "geometry": { "type": "Point", "coordinates": [ 14.613059, 42.866697, 10762.0 ] } },
{ "type": "Feature", "properties": { "Name": "PH-NXH", "description": null, "timestamp": null, "begin": "2025-05-24T11:24:59.393Z", "end": "2025-05-24T13:41:05.445Z", "altitudeMode": null, "tessellate": -1, "extrude": 0, "visibility": -1, "drawOrder": null, "icon": null, "vertex_index": 210, "vertex_part": 0, "vertex_part_index": 210, "distance": 2.2781584951776499, "angle": 344.87440211699658 }, "geometry": { "type": "Point", "coordinates": [ 14.603119, 42.903473, 10838.0 ] } },
{ "type": "Feature", "properties": { "Name": "PH-NXH", "description": null, "timestamp": null, "begin": "2025-05-24T11:24:59.393Z", "end": "2025-05-24T13:41:05.445Z", "altitudeMode": null, "tessellate": -1, "extrude": 0, "visibility": -1, "drawOrder": null, "icon": null, "vertex_index": 211, "vertex_part": 0, "vertex_part_index": 211, "distance": 2.3074783556309302, "angle": 344.82418009465277 }, "geometry": { "type": "Point", "coordinates": [ 14.595468, 42.931777, 10930.0 ] } },
{ "type": "Feature", "properties": { "Name": "PH-NXH", "description": null, "timestamp": null, "begin": "2025-05-24T11:24:59.393Z", "end": "2025-05-24T13:41:05.445Z", "altitudeMode": null, "tessellate": -1, "extrude": 0, "visibility": -1, "drawOrder": null, "icon": null, "vertex_index": 212, "vertex_part": 0, "vertex_part_index": 212, "distance": 2.33959771566504, "angle": 344.78790261429913 }, "geometry": { "type": "Point", "coordinates": [ 14.587033, 42.962769, 11014.0 ] } },
{ "type": "Feature", "properties": { "Name": "PH-NXH", "description": null, "timestamp": null, "begin": "2025-05-24T11:24:59.393Z", "end": "2025-05-24T13:41:05.445Z", "altitudeMode": null, "tessellate": -1, "extrude": 0, "visibility": -1, "drawOrder": null, "icon": null, "vertex_index": 213, "vertex_part": 0, "vertex_part_index": 213, "distance": 2.3690364453421102, "angle": 344.8323382874209 }, "geometry": { "type": "Point", "coordinates": [ 14.579315, 42.991178, 11075.0 ] } },
{ "type": "Feature", "properties": { "Name": "PH-NXH", "description": null, "timestamp": null, "begin": "2025-05-24T11:24:59.393Z", "end": "2025-05-24T13:41:05.445Z", "altitudeMode": null, "tessellate": -1, "extrude": 0, "visibility": -1, "drawOrder": null, "icon": null, "vertex_index": 214, "vertex_part": 0, "vertex_part_index": 214, "distance": 2.4118601229982901, "angle": 344.79112758355672 }, "geometry": { "type": "Point", "coordinates": [ 14.568133, 43.032516, 11136.0 ] } },
{ "type": "Feature", "properties": { "Name": "PH-NXH", "description": null, "timestamp": null, "begin": "2025-05-24T11:24:59.393Z", "end": "2025-05-24T13:41:05.445Z", "altitudeMode": null, "tessellate": -1, "extrude": 0, "visibility": -1, "drawOrder": null, "icon": null, "vertex_index": 215, "vertex_part": 0, "vertex_part_index": 215, "distance": 2.4503220154764298, "angle": 344.75316826070451 }, "geometry": { "type": "Point", "coordinates": [ 14.557996, 43.069618, 11212.0 ] } },
{ "type": "Feature", "properties": { "Name": "PH-NXH", "description": null, "timestamp": null, "begin": "2025-05-24T11:24:59.393Z", "end": "2025-05-24T13:41:05.445Z", "altitudeMode": null, "tessellate": -1, "extrude": 0, "visibility": -1, "drawOrder": null, "icon": null, "vertex_index": 216, "vertex_part": 0, "vertex_part_index": 216, "distance": 2.4924377393928001, "angle": 344.73558888080237 }, "geometry": { "type": "Point", "coordinates": [ 14.546945, 43.110258, 11257.0 ] } },
{ "type": "Feature", "properties": { "Name": "PH-NXH", "description": null, "timestamp": null, "begin": "2025-05-24T11:24:59.393Z", "end": "2025-05-24T13:41:05.445Z", "altitudeMode": null, "tessellate": -1, "extrude": 0, "visibility": -1, "drawOrder": null, "icon": null, "vertex_index": 217, "vertex_part": 0, "vertex_part_index": 217, "distance": 2.5308096637255701, "angle": 344.71130238513138 }, "geometry": { "type": "Point", "coordinates": [ 14.536809, 43.147267, 11318.0 ] } },
{ "type": "Feature", "properties": { "Name": "PH-NXH", "description": null, "timestamp": null, "begin": "2025-05-24T11:24:59.393Z", "end": "2025-05-24T13:41:05.445Z", "altitudeMode": null, "tessellate": -1, "extrude": 0, "visibility": -1, "drawOrder": null, "icon": null, "vertex_index": 218, "vertex_part": 0, "vertex_part_index": 218, "distance": 2.5658419923664102, "angle": 344.71601295148395 }, "geometry": { "type": "Point", "coordinates": [ 14.527588, 43.181064, 11372.0 ] } },
{ "type": "Feature", "properties": { "Name": "PH-NXH", "description": null, "timestamp": null, "begin": "2025-05-24T11:24:59.393Z", "end": "2025-05-24T13:41:05.445Z", "altitudeMode": null, "tessellate": -1, "extrude": 0, "visibility": -1, "drawOrder": null, "icon": null, "vertex_index": 219, "vertex_part": 0, "vertex_part_index": 219, "distance": 2.60923331556587, "angle": 344.66525104253242 }, "geometry": { "type": "Point", "coordinates": [ 14.516133, 43.222916, 11417.0 ] } },
{ "type": "Feature", "properties": { "Name": "PH-NXH", "description": null, "timestamp": null, "begin": "2025-05-24T11:24:59.393Z", "end": "2025-05-24T13:41:05.445Z", "altitudeMode": null, "tessellate": -1, "extrude": 0, "visibility": -1, "drawOrder": null, "icon": null, "vertex_index": 220, "vertex_part": 0, "vertex_part_index": 220, "distance": 2.6521476642385502, "angle": 344.67986756142653 }, "geometry": { "type": "Point", "coordinates": [ 14.504764, 43.264297, 11463.0 ] } },
{ "type": "Feature", "properties": { "Name": "PH-NXH", "description": null, "timestamp": null, "begin": "2025-05-24T11:24:59.393Z", "end": "2025-05-24T13:41:05.445Z", "altitudeMode": null, "tessellate": -1, "extrude": 0, "visibility": -1, "drawOrder": null, "icon": null, "vertex_index": 221, "vertex_part": 0, "vertex_part_index": 221, "distance": 2.6940868279164301, "angle": 344.65743481671154 }, "geometry": { "type": "Point", "coordinates": [ 14.493713, 43.304754, 11524.0 ] } },
{ "type": "Feature", "properties": { "Name": "PH-NXH", "description": null, "timestamp": null, "begin": "2025-05-24T11:24:59.393Z", "end": "2025-05-24T13:41:05.445Z", "altitudeMode": null, "tessellate": -1, "extrude": 0, "visibility": -1, "drawOrder": null, "icon": null, "vertex_index": 222, "vertex_part": 0, "vertex_part_index": 222, "distance": 2.7330324634228602, "angle": 344.61010698019516 }, "geometry": { "type": "Point", "coordinates": [ 14.483366, 43.3423, 11593.0 ] } },
{ "type": "Feature", "properties": { "Name": "PH-NXH", "description": null, "timestamp": null, "begin": "2025-05-24T11:24:59.393Z", "end": "2025-05-24T13:41:05.445Z", "altitudeMode": null, "tessellate": -1, "extrude": 0, "visibility": -1, "drawOrder": null, "icon": null, "vertex_index": 223, "vertex_part": 0, "vertex_part_index": 223, "distance": 2.77471578579524, "angle": 344.64094387921 }, "geometry": { "type": "Point", "coordinates": [ 14.472316, 43.382492, 11646.0 ] } },
{ "type": "Feature", "properties": { "Name": "PH-NXH", "description": null, "timestamp": null, "begin": "2025-05-24T11:24:59.393Z", "end": "2025-05-24T13:41:05.445Z", "altitudeMode": null, "tessellate": -1, "extrude": 0, "visibility": -1, "drawOrder": null, "icon": null, "vertex_index": 224, "vertex_part": 0, "vertex_part_index": 224, "distance": 2.8174379490948702, "angle": 344.637174693048 }, "geometry": { "type": "Point", "coordinates": [ 14.46101, 43.423691, 11646.0 ] } },
{ "type": "Feature", "properties": { "Name": "PH-NXH", "description": null, "timestamp": null, "begin": "2025-05-24T11:24:59.393Z", "end": "2025-05-24T13:41:05.445Z", "altitudeMode": null, "tessellate": -1, "extrude": 0, "visibility": -1, "drawOrder": null, "icon": null, "vertex_index": 225, "vertex_part": 0, "vertex_part_index": 225, "distance": 2.8578533172733298, "angle": 344.57433728265494 }, "geometry": { "type": "Point", "coordinates": [ 14.450291, 43.462659, 11646.0 ] } },
{ "type": "Feature", "properties": { "Name": "PH-NXH", "description": null, "timestamp": null, "begin": "2025-05-24T11:24:59.393Z", "end": "2025-05-24T13:41:05.445Z", "altitudeMode": null, "tessellate": -1, "extrude": 0, "visibility": -1, "drawOrder": null, "icon": null, "vertex_index": 226, "vertex_part": 0, "vertex_part_index": 226, "distance": 2.9002630578761601, "angle": 344.53792258872227 }, "geometry": { "type": "Point", "coordinates": [ 14.438978, 43.503532, 11646.0 ] } },
{ "type": "Feature", "properties": { "Name": "PH-NXH", "description": null, "timestamp": null, "begin": "2025-05-24T11:24:59.393Z", "end": "2025-05-24T13:41:05.445Z", "altitudeMode": null, "tessellate": -1, "extrude": 0, "visibility": -1, "drawOrder": null, "icon": null, "vertex_index": 227, "vertex_part": 0, "vertex_part_index": 227, "distance": 2.9392878115589198, "angle": 344.54620283505852 }, "geometry": { "type": "Point", "coordinates": [ 14.42858, 43.541146, 11661.0 ] } },
{ "type": "Feature", "properties": { "Name": "PH-NXH", "description": null, "timestamp": null, "begin": "2025-05-24T11:24:59.393Z", "end": "2025-05-24T13:41:05.445Z", "altitudeMode": null, "tessellate": -1, "extrude": 0, "visibility": -1, "drawOrder": null, "icon": null, "vertex_index": 228, "vertex_part": 0, "vertex_part_index": 228, "distance": 2.9817418870994401, "angle": 344.4959545333071 }, "geometry": { "type": "Point", "coordinates": [ 14.417267, 43.582065, 11707.0 ] } },
{ "type": "Feature", "properties": { "Name": "PH-NXH", "description": null, "timestamp": null, "begin": "2025-05-24T11:24:59.393Z", "end": "2025-05-24T13:41:05.445Z", "altitudeMode": null, "tessellate": -1, "extrude": 0, "visibility": -1, "drawOrder": null, "icon": null, "vertex_index": 229, "vertex_part": 0, "vertex_part_index": 229, "distance": 3.0232021216984002, "angle": 344.46273794988952 }, "geometry": { "type": "Point", "coordinates": [ 14.40615, 43.622007, 11753.0 ] } },
{ "type": "Feature", "properties": { "Name": "PH-NXH", "description": null, "timestamp": null, "begin": "2025-05-24T11:24:59.393Z", "end": "2025-05-24T13:41:05.445Z", "altitudeMode": null, "tessellate": -1, "extrude": 0, "visibility": -1, "drawOrder": null, "icon": null, "vertex_index": 230, "vertex_part": 0, "vertex_part_index": 230, "distance": 3.0652360187934802, "angle": 344.4714013626874 }, "geometry": { "type": "Point", "coordinates": [ 14.394902, 43.662508, 11798.0 ] } },
{ "type": "Feature", "properties": { "Name": "PH-NXH", "description": null, "timestamp": null, "begin": "2025-05-24T11:24:59.393Z", "end": "2025-05-24T13:41:05.445Z", "altitudeMode": null, "tessellate": -1, "extrude": 0, "visibility": -1, "drawOrder": null, "icon": null, "vertex_index": 231, "vertex_part": 0, "vertex_part_index": 231, "distance": 3.1064986741733698, "angle": 344.47475022126127 }, "geometry": { "type": "Point", "coordinates": [ 14.38385, 43.702263, 11844.0 ] } },
{ "type": "Feature", "properties": { "Name": "PH-NXH", "description": null, "timestamp": null, "begin": "2025-05-24T11:24:59.393Z", "end": "2025-05-24T13:41:05.445Z", "altitudeMode": null, "tessellate": -1, "extrude": 0, "visibility": -1, "drawOrder": null, "icon": null, "vertex_index": 232, "vertex_part": 0, "vertex_part_index": 232, "distance": 3.1473314931919001, "angle": 344.46295086565374 }, "geometry": { "type": "Point", "coordinates": [ 14.372928, 43.741608, 11891.0 ] } },
{ "type": "Feature", "properties": { "Name": "PH-NXH", "description": null, "timestamp": null, "begin": "2025-05-24T11:24:59.393Z", "end": "2025-05-24T13:41:05.445Z", "altitudeMode": null, "tessellate": -1, "extrude": 0, "visibility": -1, "drawOrder": null, "icon": null, "vertex_index": 233, "vertex_part": 0, "vertex_part_index": 233, "distance": 3.1892414256661898, "angle": 344.43195589744226 }, "geometry": { "type": "Point", "coordinates": [ 14.361686, 43.781982, 11937.0 ] } },
{ "type": "Feature", "properties": { "Name": "PH-NXH", "description": null, "timestamp": null, "begin": "2025-05-24T11:24:59.393Z", "end": "2025-05-24T13:41:05.445Z", "altitudeMode": null, "tessellate": -1, "extrude": 0, "visibility": -1, "drawOrder": null, "icon": null, "vertex_index": 234, "vertex_part": 0, "vertex_part_index": 234, "distance": 3.2313457841104198, "angle": 344.4069679033463 }, "geometry": { "type": "Point", "coordinates": [ 14.35038, 43.82254, 11952.0 ] } },
{ "type": "Feature", "properties": { "Name": "PH-NXH", "description": null, "timestamp": null, "begin": "2025-05-24T11:24:59.393Z", "end": "2025-05-24T13:41:05.445Z", "altitudeMode": null, "tessellate": -1, "extrude": 0, "visibility": -1, "drawOrder": null, "icon": null, "vertex_index": 235, "vertex_part": 0, "vertex_part_index": 235, "distance": 3.2726491664900701, "angle": 344.36311533839546 }, "geometry": { "type": "Point", "coordinates": [ 14.339266, 43.86232, 11944.0 ] } },
{ "type": "Feature", "properties": { "Name": "PH-NXH", "description": null, "timestamp": null, "begin": "2025-05-24T11:24:59.393Z", "end": "2025-05-24T13:41:05.445Z", "altitudeMode": null, "tessellate": -1, "extrude": 0, "visibility": -1, "drawOrder": null, "icon": null, "vertex_index": 236, "vertex_part": 0, "vertex_part_index": 236, "distance": 3.31291250545992, "angle": 344.34625553333166 }, "geometry": { "type": "Point", "coordinates": [ 14.328395, 43.901088, 11944.0 ] } },
{ "type": "Feature", "properties": { "Name": "PH-NXH", "description": null, "timestamp": null, "begin": "2025-05-24T11:24:59.393Z", "end": "2025-05-24T13:41:05.445Z", "altitudeMode": null, "tessellate": -1, "extrude": 0, "visibility": -1, "drawOrder": null, "icon": null, "vertex_index": 237, "vertex_part": 0, "vertex_part_index": 237, "distance": 3.3540845713905898, "angle": 344.33028266613667 }, "geometry": { "type": "Point", "coordinates": [ 14.317293, 43.940735, 11944.0 ] } },
{ "type": "Feature", "properties": { "Name": "PH-NXH", "description": null, "timestamp": null, "begin": "2025-05-24T11:24:59.393Z", "end": "2025-05-24T13:41:05.445Z", "altitudeMode": null, "tessellate": -1, "extrude": 0, "visibility": -1, "drawOrder": null, "icon": null, "vertex_index": 238, "vertex_part": 0, "vertex_part_index": 238, "distance": 3.3949296712680601, "angle": 344.30445180830077 }, "geometry": { "type": "Point", "coordinates": [ 14.306243, 43.980057, 11944.0 ] } },
{ "type": "Feature", "properties": { "Name": "PH-NXH", "description": null, "timestamp": null, "begin": "2025-05-24T11:24:59.393Z", "end": "2025-05-24T13:41:05.445Z", "altitudeMode": null, "tessellate": -1, "extrude": 0, "visibility": -1, "drawOrder": null, "icon": null, "vertex_index": 239, "vertex_part": 0, "vertex_part_index": 239, "distance": 3.4364871330288498, "angle": 344.27620602493687 }, "geometry": { "type": "Point", "coordinates": [ 14.295001, 44.020065, 11944.0 ] } },
{ "type": "Feature", "properties": { "Name": "PH-NXH", "description": null, "timestamp": null, "begin": "2025-05-24T11:24:59.393Z", "end": "2025-05-24T13:41:05.445Z", "altitudeMode": null, "tessellate": -1, "extrude": 0, "visibility": -1, "drawOrder": null, "icon": null, "vertex_index": 240, "vertex_part": 0, "vertex_part_index": 240, "distance": 3.4784823413864698, "angle": 344.294323574229 }, "geometry": { "type": "Point", "coordinates": [ 14.2836, 44.060483, 11943.0 ] } },
{ "type": "Feature", "properties": { "Name": "PH-NXH", "description": null, "timestamp": null, "begin": "2025-05-24T11:24:59.393Z", "end": "2025-05-24T13:41:05.445Z", "altitudeMode": null, "tessellate": -1, "extrude": 0, "visibility": -1, "drawOrder": null, "icon": null, "vertex_index": 241, "vertex_part": 0, "vertex_part_index": 241, "distance": 3.5208819570922798, "angle": 344.29083110174935 }, "geometry": { "type": "Point", "coordinates": [ 14.272156, 44.101309, 11943.0 ] } },
{ "type": "Feature", "properties": { "Name": "PH-NXH", "description": null, "timestamp": null, "begin": "2025-05-24T11:24:59.393Z", "end": "2025-05-24T13:41:05.445Z", "altitudeMode": null, "tessellate": -1, "extrude": 0, "visibility": -1, "drawOrder": null, "icon": null, "vertex_index": 242, "vertex_part": 0, "vertex_part_index": 242, "distance": 3.56094076647299, "angle": 344.23687987057463 }, "geometry": { "type": "Point", "coordinates": [ 14.261276, 44.139862, 11943.0 ] } },
{ "type": "Feature", "properties": { "Name": "PH-NXH", "description": null, "timestamp": null, "begin": "2025-05-24T11:24:59.393Z", "end": "2025-05-24T13:41:05.445Z", "altitudeMode": null, "tessellate": -1, "extrude": 0, "visibility": -1, "drawOrder": null, "icon": null, "vertex_index": 243, "vertex_part": 0, "vertex_part_index": 243, "distance": 3.6013719462232801, "angle": 344.22220640325992 }, "geometry": { "type": "Point", "coordinates": [ 14.25029, 44.178772, 11943.0 ] } },
{ "type": "Feature", "properties": { "Name": "PH-NXH", "description": null, "timestamp": null, "begin": "2025-05-24T11:24:59.393Z", "end": "2025-05-24T13:41:05.445Z", "altitudeMode": null, "tessellate": -1, "extrude": 0, "visibility": -1, "drawOrder": null, "icon": null, "vertex_index": 244, "vertex_part": 0, "vertex_part_index": 244, "distance": 3.6419021175157802, "angle": 344.1669922344596 }, "geometry": { "type": "Point", "coordinates": [ 14.239262, 44.217773, 11943.0 ] } },
{ "type": "Feature", "properties": { "Name": "PH-NXH", "description": null, "timestamp": null, "begin": "2025-05-24T11:24:59.393Z", "end": "2025-05-24T13:41:05.445Z", "altitudeMode": null, "tessellate": -1, "extrude": 0, "visibility": -1, "drawOrder": null, "icon": null, "vertex_index": 245, "vertex_part": 0, "vertex_part_index": 245, "distance": 3.68421222317625, "angle": 344.14972344166421 }, "geometry": { "type": "Point", "coordinates": [ 14.227687, 44.258469, 11943.0 ] } },
{ "type": "Feature", "properties": { "Name": "PH-NXH", "description": null, "timestamp": null, "begin": "2025-05-24T11:24:59.393Z", "end": "2025-05-24T13:41:05.445Z", "altitudeMode": null, "tessellate": -1, "extrude": 0, "visibility": -1, "drawOrder": null, "icon": null, "vertex_index": 246, "vertex_part": 0, "vertex_part_index": 246, "distance": 3.7257013887258301, "angle": 344.15564571513096 }, "geometry": { "type": "Point", "coordinates": [ 14.216374, 44.298386, 11943.0 ] } },
{ "type": "Feature", "properties": { "Name": "PH-NXH", "description": null, "timestamp": null, "begin": "2025-05-24T11:24:59.393Z", "end": "2025-05-24T13:41:05.445Z", "altitudeMode": null, "tessellate": -1, "extrude": 0, "visibility": -1, "drawOrder": null, "icon": null, "vertex_index": 247, "vertex_part": 0, "vertex_part_index": 247, "distance": 3.7668644065209298, "angle": 344.13995559964548 }, "geometry": { "type": "Point", "coordinates": [ 14.205121, 44.337981, 11943.0 ] } },
{ "type": "Feature", "properties": { "Name": "PH-NXH", "description": null, "timestamp": null, "begin": "2025-05-24T11:24:59.393Z", "end": "2025-05-24T13:41:05.445Z", "altitudeMode": null, "tessellate": -1, "extrude": 0, "visibility": -1, "drawOrder": null, "icon": null, "vertex_index": 248, "vertex_part": 0, "vertex_part_index": 248, "distance": 3.8096937586173598, "angle": 344.13544422934513 }, "geometry": { "type": "Point", "coordinates": [ 14.19342, 44.379181, 11943.0 ] } },
{ "type": "Feature", "properties": { "Name": "PH-NXH", "description": null, "timestamp": null, "begin": "2025-05-24T11:24:59.393Z", "end": "2025-05-24T13:41:05.445Z", "altitudeMode": null, "tessellate": -1, "extrude": 0, "visibility": -1, "drawOrder": null, "icon": null, "vertex_index": 249, "vertex_part": 0, "vertex_part_index": 249, "distance": 3.8516529103008699, "angle": 344.0974473419198 }, "geometry": { "type": "Point", "coordinates": [ 14.181943, 44.41954, 11936.0 ] } },
{ "type": "Feature", "properties": { "Name": "PH-NXH", "description": null, "timestamp": null, "begin": "2025-05-24T11:24:59.393Z", "end": "2025-05-24T13:41:05.445Z", "altitudeMode": null, "tessellate": -1, "extrude": 0, "visibility": -1, "drawOrder": null, "icon": null, "vertex_index": 250, "vertex_part": 0, "vertex_part_index": 250, "distance": 3.8937039252707799, "angle": 344.04961853117618 }, "geometry": { "type": "Point", "coordinates": [ 14.170401, 44.459976, 11936.0 ] } },
{ "type": "Feature", "properties": { "Name": "PH-NXH", "description": null, "timestamp": null, "begin": "2025-05-24T11:24:59.393Z", "end": "2025-05-24T13:41:05.445Z", "altitudeMode": null, "tessellate": -1, "extrude": 0, "visibility": -1, "drawOrder": null, "icon": null, "vertex_index": 251, "vertex_part": 0, "vertex_part_index": 251, "distance": 3.9350256954409999, "angle": 344.04033704132377 }, "geometry": { "type": "Point", "coordinates": [ 14.159032, 44.499703, 11936.0 ] } },
{ "type": "Feature", "properties": { "Name": "PH-NXH", "description": null, "timestamp": null, "begin": "2025-05-24T11:24:59.393Z", "end": "2025-05-24T13:41:05.445Z", "altitudeMode": null, "tessellate": -1, "extrude": 0, "visibility": -1, "drawOrder": null, "icon": null, "vertex_index": 252, "vertex_part": 0, "vertex_part_index": 252, "distance": 3.97671242893021, "angle": 344.01510826689736 }, "geometry": { "type": "Point", "coordinates": [ 14.147577, 44.539785, 11936.0 ] } },
{ "type": "Feature", "properties": { "Name": "PH-NXH", "description": null, "timestamp": null, "begin": "2025-05-24T11:24:59.393Z", "end": "2025-05-24T13:41:05.445Z", "altitudeMode": null, "tessellate": -1, "extrude": 0, "visibility": -1, "drawOrder": null, "icon": null, "vertex_index": 253, "vertex_part": 0, "vertex_part_index": 253, "distance": 4.0184618345307603, "angle": 344.00857246365354 }, "geometry": { "type": "Point", "coordinates": [ 14.136055, 44.579913, 11936.0 ] } },
{ "type": "Feature", "properties": { "Name": "PH-NXH", "description": null, "timestamp": null, "begin": "2025-05-24T11:24:59.393Z", "end": "2025-05-24T13:41:05.445Z", "altitudeMode": null, "tessellate": -1, "extrude": 0, "visibility": -1, "drawOrder": null, "icon": null, "vertex_index": 254, "vertex_part": 0, "vertex_part_index": 254, "distance": 4.0605007622644704, "angle": 343.99438117120468 }, "geometry": { "type": "Point", "coordinates": [ 14.124494, 44.620331, 11936.0 ] } },
{ "type": "Feature", "properties": { "Name": "PH-NXH", "description": null, "timestamp": null, "begin": "2025-05-24T11:24:59.393Z", "end": "2025-05-24T13:41:05.445Z", "altitudeMode": null, "tessellate": -1, "extrude": 0, "visibility": -1, "drawOrder": null, "icon": null, "vertex_index": 255, "vertex_part": 0, "vertex_part_index": 255, "distance": 4.1021312456270298, "angle": 343.95216650620341 }, "geometry": { "type": "Point", "coordinates": [ 14.112985, 44.660339, 11935.0 ] } },
{ "type": "Feature", "properties": { "Name": "PH-NXH", "description": null, "timestamp": null, "begin": "2025-05-24T11:24:59.393Z", "end": "2025-05-24T13:41:05.445Z", "altitudeMode": null, "tessellate": -1, "extrude": 0, "visibility": -1, "drawOrder": null, "icon": null, "vertex_index": 256, "vertex_part": 0, "vertex_part_index": 256, "distance": 4.1447144608297304, "angle": 343.92390260262925 }, "geometry": { "type": "Point", "coordinates": [ 14.101214, 44.701263, 11935.0 ] } },
{ "type": "Feature", "properties": { "Name": "PH-NXH", "description": null, "timestamp": null, "begin": "2025-05-24T11:24:59.393Z", "end": "2025-05-24T13:41:05.445Z", "altitudeMode": null, "tessellate": -1, "extrude": 0, "visibility": -1, "drawOrder": null, "icon": null, "vertex_index": 257, "vertex_part": 0, "vertex_part_index": 257, "distance": 4.1852618089551097, "angle": 343.89571958036765 }, "geometry": { "type": "Point", "coordinates": [ 14.089966, 44.740219, 11935.0 ] } },
{ "type": "Feature", "properties": { "Name": "PH-NXH", "description": null, "timestamp": null, "begin": "2025-05-24T11:24:59.393Z", "end": "2025-05-24T13:41:05.445Z", "altitudeMode": null, "tessellate": -1, "extrude": 0, "visibility": -1, "drawOrder": null, "icon": null, "vertex_index": 258, "vertex_part": 0, "vertex_part_index": 258, "distance": 4.2253528394232802, "angle": 343.92209043979216 }, "geometry": { "type": "Point", "coordinates": [ 14.078846, 44.778737, 11935.0 ] } },
{ "type": "Feature", "properties": { "Name": "PH-NXH", "description": null, "timestamp": null, "begin": "2025-05-24T11:24:59.393Z", "end": "2025-05-24T13:41:05.445Z", "altitudeMode": null, "tessellate": -1, "extrude": 0, "visibility": -1, "drawOrder": null, "icon": null, "vertex_index": 259, "vertex_part": 0, "vertex_part_index": 259, "distance": 4.2672015941598298, "angle": 343.89870925485934 }, "geometry": { "type": "Point", "coordinates": [ 14.067274, 44.818954, 11935.0 ] } },
{ "type": "Feature", "properties": { "Name": "PH-NXH", "description": null, "timestamp": null, "begin": "2025-05-24T11:24:59.393Z", "end": "2025-05-24T13:41:05.445Z", "altitudeMode": null, "tessellate": -1, "extrude": 0, "visibility": -1, "drawOrder": null, "icon": null, "vertex_index": 260, "vertex_part": 0, "vertex_part_index": 260, "distance": 4.3082078300270696, "angle": 343.80529805581637 }, "geometry": { "type": "Point", "coordinates": [ 14.055868, 44.858342, 11935.0 ] } },
{ "type": "Feature", "properties": { "Name": "PH-NXH", "description": null, "timestamp": null, "begin": "2025-05-24T11:24:59.393Z", "end": "2025-05-24T13:41:05.445Z", "altitudeMode": null, "tessellate": -1, "extrude": 0, "visibility": -1, "drawOrder": null, "icon": null, "vertex_index": 261, "vertex_part": 0, "vertex_part_index": 261, "distance": 4.3483327526687399, "angle": 343.82460030333846 }, "geometry": { "type": "Point", "coordinates": [ 14.044647, 44.896866, 11927.0 ] } },
{ "type": "Feature", "properties": { "Name": "PH-NXH", "description": null, "timestamp": null, "begin": "2025-05-24T11:24:59.393Z", "end": "2025-05-24T13:41:05.445Z", "altitudeMode": null, "tessellate": -1, "extrude": 0, "visibility": -1, "drawOrder": null, "icon": null, "vertex_index": 262, "vertex_part": 0, "vertex_part_index": 262, "distance": 4.3892508506939398, "angle": 343.84607500755754 }, "geometry": { "type": "Point", "coordinates": [ 14.033292, 44.936177, 11927.0 ] } },
{ "type": "Feature", "properties": { "Name": "PH-NXH", "description": null, "timestamp": null, "begin": "2025-05-24T11:24:59.393Z", "end": "2025-05-24T13:41:05.445Z", "altitudeMode": null, "tessellate": -1, "extrude": 0, "visibility": -1, "drawOrder": null, "icon": null, "vertex_index": 263, "vertex_part": 0, "vertex_part_index": 263, "distance": 4.4310675165701197, "angle": 343.75550867034684 }, "geometry": { "type": "Point", "coordinates": [ 14.021628, 44.976334, 11927.0 ] } },
{ "type": "Feature", "properties": { "Name": "PH-NXH", "description": null, "timestamp": null, "begin": "2025-05-24T11:24:59.393Z", "end": "2025-05-24T13:41:05.445Z", "altitudeMode": null, "tessellate": -1, "extrude": 0, "visibility": -1, "drawOrder": null, "icon": null, "vertex_index": 264, "vertex_part": 0, "vertex_part_index": 264, "distance": 4.4725587231686301, "angle": 343.7594370920902 }, "geometry": { "type": "Point", "coordinates": [ 14.009988, 45.016159, 11927.0 ] } },
{ "type": "Feature", "properties": { "Name": "PH-NXH", "description": null, "timestamp": null, "begin": "2025-05-24T11:24:59.393Z", "end": "2025-05-24T13:41:05.445Z", "altitudeMode": null, "tessellate": -1, "extrude": 0, "visibility": -1, "drawOrder": null, "icon": null, "vertex_index": 265, "vertex_part": 0, "vertex_part_index": 265, "distance": 4.5140759155833399, "angle": 343.73358407178711 }, "geometry": { "type": "Point", "coordinates": [ 13.998413, 45.05603, 11926.0 ] } },
{ "type": "Feature", "properties": { "Name": "PH-NXH", "description": null, "timestamp": null, "begin": "2025-05-24T11:24:59.393Z", "end": "2025-05-24T13:41:05.445Z", "altitudeMode": null, "tessellate": -1, "extrude": 0, "visibility": -1, "drawOrder": null, "icon": null, "vertex_index": 266, "vertex_part": 0, "vertex_part_index": 266, "distance": 4.5556739603090302, "angle": 343.72027480709033 }, "geometry": { "type": "Point", "coordinates": [ 13.986707, 45.095947, 11926.0 ] } },
{ "type": "Feature", "properties": { "Name": "PH-NXH", "description": null, "timestamp": null, "begin": "2025-05-24T11:24:59.393Z", "end": "2025-05-24T13:41:05.445Z", "altitudeMode": null, "tessellate": -1, "extrude": 0, "visibility": -1, "drawOrder": null, "icon": null, "vertex_index": 267, "vertex_part": 0, "vertex_part_index": 267, "distance": 4.5975581332147897, "angle": 343.70693941275402 }, "geometry": { "type": "Point", "coordinates": [ 13.975011, 45.136165, 11926.0 ] } },
{ "type": "Feature", "properties": { "Name": "PH-NXH", "description": null, "timestamp": null, "begin": "2025-05-24T11:24:59.393Z", "end": "2025-05-24T13:41:05.445Z", "altitudeMode": null, "tessellate": -1, "extrude": 0, "visibility": -1, "drawOrder": null, "icon": null, "vertex_index": 268, "vertex_part": 0, "vertex_part_index": 268, "distance": 4.6386574099115903, "angle": 343.64244047225799 }, "geometry": { "type": "Point", "coordinates": [ 13.963427, 45.175598, 11926.0 ] } },
{ "type": "Feature", "properties": { "Name": "PH-NXH", "description": null, "timestamp": null, "begin": "2025-05-24T11:24:59.393Z", "end": "2025-05-24T13:41:05.445Z", "altitudeMode": null, "tessellate": -1, "extrude": 0, "visibility": -1, "drawOrder": null, "icon": null, "vertex_index": 269, "vertex_part": 0, "vertex_part_index": 269, "distance": 4.6802554546372699, "angle": 343.68290186225499 }, "geometry": { "type": "Point", "coordinates": [ 13.951721, 45.215515, 11926.0 ] } },
{ "type": "Feature", "properties": { "Name": "PH-NXH", "description": null, "timestamp": null, "begin": "2025-05-24T11:24:59.393Z", "end": "2025-05-24T13:41:05.445Z", "altitudeMode": null, "tessellate": -1, "extrude": 0, "visibility": -1, "drawOrder": null, "icon": null, "vertex_index": 270, "vertex_part": 0, "vertex_part_index": 270, "distance": 4.72198470026908, "angle": 343.66972405635556 }, "geometry": { "type": "Point", "coordinates": [ 13.940016, 45.255569, 11918.0 ] } },
{ "type": "Feature", "properties": { "Name": "PH-NXH", "description": null, "timestamp": null, "begin": "2025-05-24T11:24:59.393Z", "end": "2025-05-24T13:41:05.445Z", "altitudeMode": null, "tessellate": -1, "extrude": 0, "visibility": -1, "drawOrder": null, "icon": null, "vertex_index": 271, "vertex_part": 0, "vertex_part_index": 271, "distance": 4.7644471790591796, "angle": 343.62150257185488 }, "geometry": { "type": "Point", "coordinates": [ 13.928048, 45.29631, 11926.0 ] } },
{ "type": "Feature", "properties": { "Name": "PH-NXH", "description": null, "timestamp": null, "begin": "2025-05-24T11:24:59.393Z", "end": "2025-05-24T13:41:05.445Z", "altitudeMode": null, "tessellate": -1, "extrude": 0, "visibility": -1, "drawOrder": null, "icon": null, "vertex_index": 272, "vertex_part": 0, "vertex_part_index": 272, "distance": 4.8068662019734401, "angle": 343.60363273543345 }, "geometry": { "type": "Point", "coordinates": [ 13.916081, 45.337006, 11926.0 ] } },
{ "type": "Feature", "properties": { "Name": "PH-NXH", "description": null, "timestamp": null, "begin": "2025-05-24T11:24:59.393Z", "end": "2025-05-24T13:41:05.445Z", "altitudeMode": null, "tessellate": -1, "extrude": 0, "visibility": -1, "drawOrder": null, "icon": null, "vertex_index": 273, "vertex_part": 0, "vertex_part_index": 273, "distance": 4.8486828579492602, "angle": 343.51303349131587 }, "geometry": { "type": "Point", "coordinates": [ 13.90427, 45.37712, 11926.0 ] } },
{ "type": "Feature", "properties": { "Name": "PH-NXH", "description": null, "timestamp": null, "begin": "2025-05-24T11:24:59.393Z", "end": "2025-05-24T13:41:05.445Z", "altitudeMode": null, "tessellate": -1, "extrude": 0, "visibility": -1, "drawOrder": null, "icon": null, "vertex_index": 274, "vertex_part": 0, "vertex_part_index": 274, "distance": 4.8904999398297502, "angle": 343.50738418916939 }, "geometry": { "type": "Point", "coordinates": [ 13.892346, 45.417201, 11926.0 ] } },
{ "type": "Feature", "properties": { "Name": "PH-NXH", "description": null, "timestamp": null, "begin": "2025-05-24T11:24:59.393Z", "end": "2025-05-24T13:41:05.445Z", "altitudeMode": null, "tessellate": -1, "extrude": 0, "visibility": -1, "drawOrder": null, "icon": null, "vertex_index": 275, "vertex_part": 0, "vertex_part_index": 275, "distance": 4.9312660936831598, "angle": 343.52592298001753 }, "geometry": { "type": "Point", "coordinates": [ 13.880824, 45.456305, 11918.0 ] } },
{ "type": "Feature", "properties": { "Name": "PH-NXH", "description": null, "timestamp": null, "begin": "2025-05-24T11:24:59.393Z", "end": "2025-05-24T13:41:05.445Z", "altitudeMode": null, "tessellate": -1, "extrude": 0, "visibility": -1, "drawOrder": null, "icon": null, "vertex_index": 276, "vertex_part": 0, "vertex_part_index": 276, "distance": 4.9717649844581002, "angle": 343.49477870192476 }, "geometry": { "type": "Point", "coordinates": [ 13.869301, 45.49513, 11918.0 ] } },
{ "type": "Feature", "properties": { "Name": "PH-NXH", "description": null, "timestamp": null, "begin": "2025-05-24T11:24:59.393Z", "end": "2025-05-24T13:41:05.445Z", "altitudeMode": null, "tessellate": -1, "extrude": 0, "visibility": -1, "drawOrder": null, "icon": null, "vertex_index": 277, "vertex_part": 0, "vertex_part_index": 277, "distance": 5.0129488472322503, "angle": 343.48616430414216 }, "geometry": { "type": "Point", "coordinates": [ 13.857618, 45.534622, 11918.0 ] } },
{ "type": "Feature", "properties": { "Name": "PH-NXH", "description": null, "timestamp": null, "begin": "2025-05-24T11:24:59.393Z", "end": "2025-05-24T13:41:05.445Z", "altitudeMode": null, "tessellate": -1, "extrude": 0, "visibility": -1, "drawOrder": null, "icon": null, "vertex_index": 278, "vertex_part": 0, "vertex_part_index": 278, "distance": 5.0537789214668098, "angle": 343.4600750491698 }, "geometry": { "type": "Point", "coordinates": [ 13.845989, 45.573761, 11918.0 ] } },
{ "type": "Feature", "properties": { "Name": "PH-NXH", "description": null, "timestamp": null, "begin": "2025-05-24T11:24:59.393Z", "end": "2025-05-24T13:41:05.445Z", "altitudeMode": null, "tessellate": -1, "extrude": 0, "visibility": -1, "drawOrder": null, "icon": null, "vertex_index": 279, "vertex_part": 0, "vertex_part_index": 279, "distance": 5.0952440683012297, "angle": 343.45574306750552 }, "geometry": { "type": "Point", "coordinates": [ 13.83419, 45.613512, 11917.0 ] } },
{ "type": "Feature", "properties": { "Name": "PH-NXH", "description": null, "timestamp": null, "begin": "2025-05-24T11:24:59.393Z", "end": "2025-05-24T13:41:05.445Z", "altitudeMode": null, "tessellate": -1, "extrude": 0, "visibility": -1, "drawOrder": null, "icon": null, "vertex_index": 280, "vertex_part": 0, "vertex_part_index": 280, "distance": 5.1368219039832397, "angle": 343.37176160335787 }, "geometry": { "type": "Point", "coordinates": [ 13.822342, 45.653366, 11917.0 ] } },
{ "type": "Feature", "properties": { "Name": "PH-NXH", "description": null, "timestamp": null, "begin": "2025-05-24T11:24:59.393Z", "end": "2025-05-24T13:41:05.445Z", "altitudeMode": null, "tessellate": -1, "extrude": 0, "visibility": -1, "drawOrder": null, "icon": null, "vertex_index": 281, "vertex_part": 0, "vertex_part_index": 281, "distance": 5.1777877510756696, "angle": 343.36750682486843 }, "geometry": { "type": "Point", "coordinates": [ 13.81057, 45.692604, 11917.0 ] } },
{ "type": "Feature", "properties": { "Name": "PH-NXH", "description": null, "timestamp": null, "begin": "2025-05-24T11:24:59.393Z", "end": "2025-05-24T13:41:05.445Z", "altitudeMode": null, "tessellate": -1, "extrude": 0, "visibility": -1, "drawOrder": null, "icon": null, "vertex_index": 282, "vertex_part": 0, "vertex_part_index": 282, "distance": 5.2187310101667501, "angle": 343.35990148476293 }, "geometry": { "type": "Point", "coordinates": [ 13.798897, 45.731848, 11917.0 ] } },
{ "type": "Feature", "properties": { "Name": "PH-NXH", "description": null, "timestamp": null, "begin": "2025-05-24T11:24:59.393Z", "end": "2025-05-24T13:41:05.445Z", "altitudeMode": null, "tessellate": -1, "extrude": 0, "visibility": -1, "drawOrder": null, "icon": null, "vertex_index": 283, "vertex_part": 0, "vertex_part_index": 283, "distance": 5.2601960779346904, "angle": 343.3235765576033 }, "geometry": { "type": "Point", "coordinates": [ 13.786971, 45.771561, 11917.0 ] } },
{ "type": "Feature", "properties": { "Name": "PH-NXH", "description": null, "timestamp": null, "begin": "2025-05-24T11:24:59.393Z", "end": "2025-05-24T13:41:05.445Z", "altitudeMode": null, "tessellate": -1, "extrude": 0, "visibility": -1, "drawOrder": null, "icon": null, "vertex_index": 284, "vertex_part": 0, "vertex_part_index": 284, "distance": 5.3011402060729296, "angle": 343.36174142662043 }, "geometry": { "type": "Point", "coordinates": [ 13.775248, 45.810791, 11917.0 ] } },
{ "type": "Feature", "properties": { "Name": "PH-NXH", "description": null, "timestamp": null, "begin": "2025-05-24T11:24:59.393Z", "end": "2025-05-24T13:41:05.445Z", "altitudeMode": null, "tessellate": -1, "extrude": 0, "visibility": -1, "drawOrder": null, "icon": null, "vertex_index": 285, "vertex_part": 0, "vertex_part_index": 285, "distance": 5.3420846205393699, "angle": 343.28849543176386 }, "geometry": { "type": "Point", "coordinates": [ 13.763524, 45.850021, 11917.0 ] } },
{ "type": "Feature", "properties": { "Name": "PH-NXH", "description": null, "timestamp": null, "begin": "2025-05-24T11:24:59.393Z", "end": "2025-05-24T13:41:05.445Z", "altitudeMode": null, "tessellate": -1, "extrude": 0, "visibility": -1, "drawOrder": null, "icon": null, "vertex_index": 286, "vertex_part": 0, "vertex_part_index": 286, "distance": 5.3827092386544999, "angle": 343.27235557242591 }, "geometry": { "type": "Point", "coordinates": [ 13.751793, 45.888915, 11917.0 ] } },
{ "type": "Feature", "properties": { "Name": "PH-NXH", "description": null, "timestamp": null, "begin": "2025-05-24T11:24:59.393Z", "end": "2025-05-24T13:41:05.445Z", "altitudeMode": null, "tessellate": -1, "extrude": 0, "visibility": -1, "drawOrder": null, "icon": null, "vertex_index": 287, "vertex_part": 0, "vertex_part_index": 287, "distance": 5.4240123413224604, "angle": 343.26803293003746 }, "geometry": { "type": "Point", "coordinates": [ 13.739944, 45.928482, 11910.0 ] } },
{ "type": "Feature", "properties": { "Name": "PH-NXH", "description": null, "timestamp": null, "begin": "2025-05-24T11:24:59.393Z", "end": "2025-05-24T13:41:05.445Z", "altitudeMode": null, "tessellate": -1, "extrude": 0, "visibility": -1, "drawOrder": null, "icon": null, "vertex_index": 288, "vertex_part": 0, "vertex_part_index": 288, "distance": 5.4645197308828797, "angle": 343.19968541232987 }, "geometry": { "type": "Point", "coordinates": [ 13.728241, 45.967262, 11917.0 ] } },
{ "type": "Feature", "properties": { "Name": "PH-NXH", "description": null, "timestamp": null, "begin": "2025-05-24T11:24:59.393Z", "end": "2025-05-24T13:41:05.445Z", "altitudeMode": null, "tessellate": -1, "extrude": 0, "visibility": -1, "drawOrder": null, "icon": null, "vertex_index": 289, "vertex_part": 0, "vertex_part_index": 289, "distance": 5.5051264661370301, "angle": 343.19095211975372 }, "geometry": { "type": "Point", "coordinates": [ 13.716499, 46.006134, 11963.0 ] } },
{ "type": "Feature", "properties": { "Name": "PH-NXH", "description": null, "timestamp": null, "begin": "2025-05-24T11:24:59.393Z", "end": "2025-05-24T13:41:05.445Z", "altitudeMode": null, "tessellate": -1, "extrude": 0, "visibility": -1, "drawOrder": null, "icon": null, "vertex_index": 290, "vertex_part": 0, "vertex_part_index": 290, "distance": 5.5454892456870004, "angle": 343.20479933179371 }, "geometry": { "type": "Point", "coordinates": [ 13.704826, 46.044772, 12016.0 ] } },
{ "type": "Feature", "properties": { "Name": "PH-NXH", "description": null, "timestamp": null, "begin": "2025-05-24T11:24:59.393Z", "end": "2025-05-24T13:41:05.445Z", "altitudeMode": null, "tessellate": -1, "extrude": 0, "visibility": -1, "drawOrder": null, "icon": null, "vertex_index": 291, "vertex_part": 0, "vertex_part_index": 291, "distance": 5.5869715941258304, "angle": 343.16852438973967 }, "geometry": { "type": "Point", "coordinates": [ 13.69285, 46.084488, 12070.0 ] } },
{ "type": "Feature", "properties": { "Name": "PH-NXH", "description": null, "timestamp": null, "begin": "2025-05-24T11:24:59.393Z", "end": "2025-05-24T13:41:05.445Z", "altitudeMode": null, "tessellate": -1, "extrude": 0, "visibility": -1, "drawOrder": null, "icon": null, "vertex_index": 292, "vertex_part": 0, "vertex_part_index": 292, "distance": 5.6271074032244401, "angle": 343.12285168330914 }, "geometry": { "type": "Point", "coordinates": [ 13.681194, 46.122894, 12116.0 ] } },
{ "type": "Feature", "properties": { "Name": "PH-NXH", "description": null, "timestamp": null, "begin": "2025-05-24T11:24:59.393Z", "end": "2025-05-24T13:41:05.445Z", "altitudeMode": null, "tessellate": -1, "extrude": 0, "visibility": -1, "drawOrder": null, "icon": null, "vertex_index": 293, "vertex_part": 0, "vertex_part_index": 293, "distance": 5.6675240239268199, "angle": 343.10037641941454 }, "geometry": { "type": "Point", "coordinates": [ 13.669464, 46.161571, 12160.0 ] } },
{ "type": "Feature", "properties": { "Name": "PH-NXH", "description": null, "timestamp": null, "begin": "2025-05-24T11:24:59.393Z", "end": "2025-05-24T13:41:05.445Z", "altitudeMode": null, "tessellate": -1, "extrude": 0, "visibility": -1, "drawOrder": null, "icon": null, "vertex_index": 294, "vertex_part": 0, "vertex_part_index": 294, "distance": 5.7073777683556601, "angle": 343.10332908037162 }, "geometry": { "type": "Point", "coordinates": [ 13.65786, 46.199698, 12214.0 ] } },
{ "type": "Feature", "properties": { "Name": "PH-NXH", "description": null, "timestamp": null, "begin": "2025-05-24T11:24:59.393Z", "end": "2025-05-24T13:41:05.445Z", "altitudeMode": null, "tessellate": -1, "extrude": 0, "visibility": -1, "drawOrder": null, "icon": null, "vertex_index": 295, "vertex_part": 0, "vertex_part_index": 295, "distance": 5.7477116202049503, "angle": 343.02473311245944 }, "geometry": { "type": "Point", "coordinates": [ 13.646158, 46.238297, 12229.0 ] } },
{ "type": "Feature", "properties": { "Name": "PH-NXH", "description": null, "timestamp": null, "begin": "2025-05-24T11:24:59.393Z", "end": "2025-05-24T13:41:05.445Z", "altitudeMode": null, "tessellate": -1, "extrude": 0, "visibility": -1, "drawOrder": null, "icon": null, "vertex_index": 296, "vertex_part": 0, "vertex_part_index": 296, "distance": 5.7878425770836497, "angle": 343.03027702998872 }, "geometry": { "type": "Point", "coordinates": [ 13.634368, 46.276657, 12221.0 ] } },
{ "type": "Feature", "properties": { "Name": "PH-NXH", "description": null, "timestamp": null, "begin": "2025-05-24T11:24:59.393Z", "end": "2025-05-24T13:41:05.445Z", "altitudeMode": null, "tessellate": -1, "extrude": 0, "visibility": -1, "drawOrder": null, "icon": null, "vertex_index": 297, "vertex_part": 0, "vertex_part_index": 297, "distance": 5.8285470871531704, "angle": 343.04719413760677 }, "geometry": { "type": "Point", "coordinates": [ 13.622566, 46.315613, 12221.0 ] } },
{ "type": "Feature", "properties": { "Name": "PH-NXH", "description": null, "timestamp": null, "begin": "2025-05-24T11:24:59.393Z", "end": "2025-05-24T13:41:05.445Z", "altitudeMode": null, "tessellate": -1, "extrude": 0, "visibility": -1, "drawOrder": null, "icon": null, "vertex_index": 298, "vertex_part": 0, "vertex_part_index": 298, "distance": 5.8690588262172998, "angle": 342.96612172003739 }, "geometry": { "type": "Point", "coordinates": [ 13.610687, 46.354344, 12221.0 ] } },
{ "type": "Feature", "properties": { "Name": "PH-NXH", "description": null, "timestamp": null, "begin": "2025-05-24T11:24:59.393Z", "end": "2025-05-24T13:41:05.445Z", "altitudeMode": null, "tessellate": -1, "extrude": 0, "visibility": -1, "drawOrder": null, "icon": null, "vertex_index": 299, "vertex_part": 0, "vertex_part_index": 299, "distance": 5.9094585476272297, "angle": 342.9898012652211 }, "geometry": { "type": "Point", "coordinates": [ 13.598864, 46.392975, 12221.0 ] } },
{ "type": "Feature", "properties": { "Name": "PH-NXH", "description": null, "timestamp": null, "begin": "2025-05-24T11:24:59.393Z", "end": "2025-05-24T13:41:05.445Z", "altitudeMode": null, "tessellate": -1, "extrude": 0, "visibility": -1, "drawOrder": null, "icon": null, "vertex_index": 300, "vertex_part": 0, "vertex_part_index": 300, "distance": 5.9505038032604904, "angle": 342.95922730423791 }, "geometry": { "type": "Point", "coordinates": [ 13.586861, 46.432226, 12221.0 ] } },
{ "type": "Feature", "properties": { "Name": "PH-NXH", "description": null, "timestamp": null, "begin": "2025-05-24T11:24:59.393Z", "end": "2025-05-24T13:41:05.445Z", "altitudeMode": null, "tessellate": -1, "extrude": 0, "visibility": -1, "drawOrder": null, "icon": null, "vertex_index": 301, "vertex_part": 0, "vertex_part_index": 301, "distance": 5.99165531348795, "angle": 342.93116273174633 }, "geometry": { "type": "Point", "coordinates": [ 13.574776, 46.471563, 12221.0 ] } },
{ "type": "Feature", "properties": { "Name": "PH-NXH", "description": null, "timestamp": null, "begin": "2025-05-24T11:24:59.393Z", "end": "2025-05-24T13:41:05.445Z", "altitudeMode": null, "tessellate": -1, "extrude": 0, "visibility": -1, "drawOrder": null, "icon": null, "vertex_index": 302, "vertex_part": 0, "vertex_part_index": 302, "distance": 6.03308422793185, "angle": 342.90286075159179 }, "geometry": { "type": "Point", "coordinates": [ 13.562622, 46.511169, 12220.0 ] } },
{ "type": "Feature", "properties": { "Name": "PH-NXH", "description": null, "timestamp": null, "begin": "2025-05-24T11:24:59.393Z", "end": "2025-05-24T13:41:05.445Z", "altitudeMode": null, "tessellate": -1, "extrude": 0, "visibility": -1, "drawOrder": null, "icon": null, "vertex_index": 303, "vertex_part": 0, "vertex_part_index": 303, "distance": 6.0750372716950798, "angle": 342.83895045401363 }, "geometry": { "type": "Point", "coordinates": [ 13.550262, 46.55126, 12220.0 ] } },
{ "type": "Feature", "properties": { "Name": "PH-NXH", "description": null, "timestamp": null, "begin": "2025-05-24T11:24:59.393Z", "end": "2025-05-24T13:41:05.445Z", "altitudeMode": null, "tessellate": -1, "extrude": 0, "visibility": -1, "drawOrder": null, "icon": null, "vertex_index": 304, "vertex_part": 0, "vertex_part_index": 304, "distance": 6.1161638994318697, "angle": 342.82767000223964 }, "geometry": { "type": "Point", "coordinates": [ 13.538109, 46.59055, 12220.0 ] } },
{ "type": "Feature", "properties": { "Name": "PH-NXH", "description": null, "timestamp": null, "begin": "2025-05-24T11:24:59.393Z", "end": "2025-05-24T13:41:05.445Z", "altitudeMode": null, "tessellate": -1, "extrude": 0, "visibility": -1, "drawOrder": null, "icon": null, "vertex_index": 305, "vertex_part": 0, "vertex_part_index": 305, "distance": 6.1580634319471601, "angle": 342.83466936778592 }, "geometry": { "type": "Point", "coordinates": [ 13.525749, 46.630585, 12220.0 ] } },
{ "type": "Feature", "properties": { "Name": "PH-NXH", "description": null, "timestamp": null, "begin": "2025-05-24T11:24:59.393Z", "end": "2025-05-24T13:41:05.445Z", "altitudeMode": null, "tessellate": -1, "extrude": 0, "visibility": -1, "drawOrder": null, "icon": null, "vertex_index": 306, "vertex_part": 0, "vertex_part_index": 306, "distance": 6.19899227313525, "angle": 342.82602510066556 }, "geometry": { "type": "Point", "coordinates": [ 13.513664, 46.669689, 12220.0 ] } },
{ "type": "Feature", "properties": { "Name": "PH-NXH", "description": null, "timestamp": null, "begin": "2025-05-24T11:24:59.393Z", "end": "2025-05-24T13:41:05.445Z", "altitudeMode": null, "tessellate": -1, "extrude": 0, "visibility": -1, "drawOrder": null, "icon": null, "vertex_index": 307, "vertex_part": 0, "vertex_part_index": 307, "distance": 6.2407763907518703, "angle": 342.77978818972849 }, "geometry": { "type": "Point", "coordinates": [ 13.501326, 46.70961, 12220.0 ] } },
{ "type": "Feature", "properties": { "Name": "PH-NXH", "description": null, "timestamp": null, "begin": "2025-05-24T11:24:59.393Z", "end": "2025-05-24T13:41:05.445Z", "altitudeMode": null, "tessellate": -1, "extrude": 0, "visibility": -1, "drawOrder": null, "icon": null, "vertex_index": 308, "vertex_part": 0, "vertex_part_index": 308, "distance": 6.2817958722941896, "angle": 342.73400118037415 }, "geometry": { "type": "Point", "coordinates": [ 13.489151, 46.748781, 12213.0 ] } },
{ "type": "Feature", "properties": { "Name": "PH-NXH", "description": null, "timestamp": null, "begin": "2025-05-24T11:24:59.393Z", "end": "2025-05-24T13:41:05.445Z", "altitudeMode": null, "tessellate": -1, "extrude": 0, "visibility": -1, "drawOrder": null, "icon": null, "vertex_index": 309, "vertex_part": 0, "vertex_part_index": 309, "distance": 6.3227451400776298, "angle": 342.77152280976514 }, "geometry": { "type": "Point", "coordinates": [ 13.476997, 46.787885, 12213.0 ] } },
{ "type": "Feature", "properties": { "Name": "PH-NXH", "description": null, "timestamp": null, "begin": "2025-05-24T11:24:59.393Z", "end": "2025-05-24T13:41:05.445Z", "altitudeMode": null, "tessellate": -1, "extrude": 0, "visibility": -1, "drawOrder": null, "icon": null, "vertex_index": 310, "vertex_part": 0, "vertex_part_index": 310, "distance": 6.3627032935509797, "angle": 342.68445391308165 }, "geometry": { "type": "Point", "coordinates": [ 13.465187, 46.826058, 12213.0 ] } },
{ "type": "Feature", "properties": { "Name": "PH-NXH", "description": null, "timestamp": null, "begin": "2025-05-24T11:24:59.393Z", "end": "2025-05-24T13:41:05.445Z", "altitudeMode": null, "tessellate": -1, "extrude": 0, "visibility": -1, "drawOrder": null, "icon": null, "vertex_index": 311, "vertex_part": 0, "vertex_part_index": 311, "distance": 6.4025688650757999, "angle": 342.63878040624917 }, "geometry": { "type": "Point", "coordinates": [ 13.453239, 46.864091, 12213.0 ] } },
{ "type": "Feature", "properties": { "Name": "PH-NXH", "description": null, "timestamp": null, "begin": "2025-05-24T11:24:59.393Z", "end": "2025-05-24T13:41:05.445Z", "altitudeMode": null, "tessellate": -1, "extrude": 0, "visibility": -1, "drawOrder": null, "icon": null, "vertex_index": 312, "vertex_part": 0, "vertex_part_index": 312, "distance": 6.4434767754355304, "angle": 342.67417894580507 }, "geometry": { "type": "Point", "coordinates": [ 13.441086, 46.903152, 12213.0 ] } },
{ "type": "Feature", "properties": { "Name": "PH-NXH", "description": null, "timestamp": null, "begin": "2025-05-24T11:24:59.393Z", "end": "2025-05-24T13:41:05.445Z", "altitudeMode": null, "tessellate": -1, "extrude": 0, "visibility": -1, "drawOrder": null, "icon": null, "vertex_index": 313, "vertex_part": 0, "vertex_part_index": 313, "distance": 6.4839587185830601, "angle": 342.65021742879441 }, "geometry": { "type": "Point", "coordinates": [ 13.429001, 46.941788, 12213.0 ] } },
{ "type": "Feature", "properties": { "Name": "PH-NXH", "description": null, "timestamp": null, "begin": "2025-05-24T11:24:59.393Z", "end": "2025-05-24T13:41:05.445Z", "altitudeMode": null, "tessellate": -1, "extrude": 0, "visibility": -1, "drawOrder": null, "icon": null, "vertex_index": 314, "vertex_part": 0, "vertex_part_index": 314, "distance": 6.5233604309570197, "angle": 342.62406087130995 }, "geometry": { "type": "Point", "coordinates": [ 13.417264, 46.979401, 12213.0 ] } },
{ "type": "Feature", "properties": { "Name": "PH-NXH", "description": null, "timestamp": null, "begin": "2025-05-24T11:24:59.393Z", "end": "2025-05-24T13:41:05.445Z", "altitudeMode": null, "tessellate": -1, "extrude": 0, "visibility": -1, "drawOrder": null, "icon": null, "vertex_index": 315, "vertex_part": 0, "vertex_part_index": 315, "distance": 6.5630532242575699, "angle": 342.57866636549494 }, "geometry": { "type": "Point", "coordinates": [ 13.40538, 47.017273, 12213.0 ] } },
{ "type": "Feature", "properties": { "Name": "PH-NXH", "description": null, "timestamp": null, "begin": "2025-05-24T11:24:59.393Z", "end": "2025-05-24T13:41:05.445Z", "altitudeMode": null, "tessellate": -1, "extrude": 0, "visibility": -1, "drawOrder": null, "icon": null, "vertex_index": 316, "vertex_part": 0, "vertex_part_index": 316, "distance": 6.6027302086439796, "angle": 342.55198341565944 }, "geometry": { "type": "Point", "coordinates": [ 13.393501, 47.05513, 12213.0 ] } },
{ "type": "Feature", "properties": { "Name": "PH-NXH", "description": null, "timestamp": null, "begin": "2025-05-24T11:24:59.393Z", "end": "2025-05-24T13:41:05.445Z", "altitudeMode": null, "tessellate": -1, "extrude": 0, "visibility": -1, "drawOrder": null, "icon": null, "vertex_index": 317, "vertex_part": 0, "vertex_part_index": 317, "distance": 6.6425153492117897, "angle": 342.51621023746196 }, "geometry": { "type": "Point", "coordinates": [ 13.381554, 47.093079, 12213.0 ] } },
{ "type": "Feature", "properties": { "Name": "PH-NXH", "description": null, "timestamp": null, "begin": "2025-05-24T11:24:59.393Z", "end": "2025-05-24T13:41:05.445Z", "altitudeMode": null, "tessellate": -1, "extrude": 0, "visibility": -1, "drawOrder": null, "icon": null, "vertex_index": 318, "vertex_part": 0, "vertex_part_index": 318, "distance": 6.6818587711778497, "angle": 342.51635068069157 }, "geometry": { "type": "Point", "coordinates": [ 13.369728, 47.130603, 12213.0 ] } },
{ "type": "Feature", "properties": { "Name": "PH-NXH", "description": null, "timestamp": null, "begin": "2025-05-24T11:24:59.393Z", "end": "2025-05-24T13:41:05.445Z", "altitudeMode": null, "tessellate": -1, "extrude": 0, "visibility": -1, "drawOrder": null, "icon": null, "vertex_index": 319, "vertex_part": 0, "vertex_part_index": 319, "distance": 6.7213681256651201, "angle": 342.53642037414096 }, "geometry": { "type": "Point", "coordinates": [ 13.357864, 47.168289, 12213.0 ] } },
{ "type": "Feature", "properties": { "Name": "PH-NXH", "description": null, "timestamp": null, "begin": "2025-05-24T11:24:59.393Z", "end": "2025-05-24T13:41:05.445Z", "altitudeMode": null, "tessellate": -1, "extrude": 0, "visibility": -1, "drawOrder": null, "icon": null, "vertex_index": 320, "vertex_part": 0, "vertex_part_index": 320, "distance": 6.7616494475153202, "angle": 342.46300503673621 }, "geometry": { "type": "Point", "coordinates": [ 13.345783, 47.206716, 12213.0 ] } },
{ "type": "Feature", "properties": { "Name": "PH-NXH", "description": null, "timestamp": null, "begin": "2025-05-24T11:24:59.393Z", "end": "2025-05-24T13:41:05.445Z", "altitudeMode": null, "tessellate": -1, "extrude": 0, "visibility": -1, "drawOrder": null, "icon": null, "vertex_index": 321, "vertex_part": 0, "vertex_part_index": 321, "distance": 6.8018969659108697, "angle": 342.40907842178933 }, "geometry": { "type": "Point", "coordinates": [ 13.333599, 47.245075, 12213.0 ] } },
{ "type": "Feature", "properties": { "Name": "PH-NXH", "description": null, "timestamp": null, "begin": "2025-05-24T11:24:59.393Z", "end": "2025-05-24T13:41:05.445Z", "altitudeMode": null, "tessellate": -1, "extrude": 0, "visibility": -1, "drawOrder": null, "icon": null, "vertex_index": 322, "vertex_part": 0, "vertex_part_index": 322, "distance": 6.8422766822669798, "angle": 342.41588887022391 }, "geometry": { "type": "Point", "coordinates": [ 13.321416, 47.283573, 12213.0 ] } },
{ "type": "Feature", "properties": { "Name": "PH-NXH", "description": null, "timestamp": null, "begin": "2025-05-24T11:24:59.393Z", "end": "2025-05-24T13:41:05.445Z", "altitudeMode": null, "tessellate": -1, "extrude": 0, "visibility": -1, "drawOrder": null, "icon": null, "vertex_index": 323, "vertex_part": 0, "vertex_part_index": 323, "distance": 6.8831758347398599, "angle": 342.39916423783319 }, "geometry": { "type": "Point", "coordinates": [ 13.309044, 47.322556, 12205.0 ] } },
{ "type": "Feature", "properties": { "Name": "PH-NXH", "description": null, "timestamp": null, "begin": "2025-05-24T11:24:59.393Z", "end": "2025-05-24T13:41:05.445Z", "altitudeMode": null, "tessellate": -1, "extrude": 0, "visibility": -1, "drawOrder": null, "icon": null, "vertex_index": 324, "vertex_part": 0, "vertex_part_index": 324, "distance": 6.92361022768696, "angle": 342.39418357723099 }, "geometry": { "type": "Point", "coordinates": [ 13.296822, 47.361099, 12206.0 ] } },
{ "type": "Feature", "properties": { "Name": "PH-NXH", "description": null, "timestamp": null, "begin": "2025-05-24T11:24:59.393Z", "end": "2025-05-24T13:41:05.445Z", "altitudeMode": null, "tessellate": -1, "extrude": 0, "visibility": -1, "drawOrder": null, "icon": null, "vertex_index": 325, "vertex_part": 0, "vertex_part_index": 325, "distance": 6.9646753145856799, "angle": 342.34676343518265 }, "geometry": { "type": "Point", "coordinates": [ 13.284393, 47.400238, 12206.0 ] } },
{ "type": "Feature", "properties": { "Name": "PH-NXH", "description": null, "timestamp": null, "begin": "2025-05-24T11:24:59.393Z", "end": "2025-05-24T13:41:05.445Z", "altitudeMode": null, "tessellate": -1, "extrude": 0, "visibility": -1, "drawOrder": null, "icon": null, "vertex_index": 326, "vertex_part": 0, "vertex_part_index": 326, "distance": 7.0058048566935103, "angle": 342.32169702893577 }, "geometry": { "type": "Point", "coordinates": [ 13.271896, 47.439423, 12206.0 ] } },
{ "type": "Feature", "properties": { "Name": "PH-NXH", "description": null, "timestamp": null, "begin": "2025-05-24T11:24:59.393Z", "end": "2025-05-24T13:41:05.445Z", "altitudeMode": null, "tessellate": -1, "extrude": 0, "visibility": -1, "drawOrder": null, "icon": null, "vertex_index": 327, "vertex_part": 0, "vertex_part_index": 327, "distance": 7.0456796913640201, "angle": 342.30090584788303 }, "geometry": { "type": "Point", "coordinates": [ 13.259794, 47.477417, 12206.0 ] } },
{ "type": "Feature", "properties": { "Name": "PH-NXH", "description": null, "timestamp": null, "begin": "2025-05-24T11:24:59.393Z", "end": "2025-05-24T13:41:05.445Z", "altitudeMode": null, "tessellate": -1, "extrude": 0, "visibility": -1, "drawOrder": null, "icon": null, "vertex_index": 328, "vertex_part": 0, "vertex_part_index": 328, "distance": 7.0864334647475999, "angle": 342.24843126282019 }, "geometry": { "type": "Point", "coordinates": [ 13.247383, 47.516235, 12206.0 ] } },
{ "type": "Feature", "properties": { "Name": "PH-NXH", "description": null, "timestamp": null, "begin": "2025-05-24T11:24:59.393Z", "end": "2025-05-24T13:41:05.445Z", "altitudeMode": null, "tessellate": -1, "extrude": 0, "visibility": -1, "drawOrder": null, "icon": null, "vertex_index": 329, "vertex_part": 0, "vertex_part_index": 329, "distance": 7.1265259164685899, "angle": 342.22070570804004 }, "geometry": { "type": "Point", "coordinates": [ 13.235145, 47.554414, 12207.0 ] } },
{ "type": "Feature", "properties": { "Name": "PH-NXH", "description": null, "timestamp": null, "begin": "2025-05-24T11:24:59.393Z", "end": "2025-05-24T13:41:05.445Z", "altitudeMode": null, "tessellate": -1, "extrude": 0, "visibility": -1, "drawOrder": null, "icon": null, "vertex_index": 330, "vertex_part": 0, "vertex_part_index": 330, "distance": 7.1671043386409696, "angle": 342.2378493938852 }, "geometry": { "type": "Point", "coordinates": [ 13.22275, 47.593053, 12207.0 ] } },
{ "type": "Feature", "properties": { "Name": "PH-NXH", "description": null, "timestamp": null, "begin": "2025-05-24T11:24:59.393Z", "end": "2025-05-24T13:41:05.445Z", "altitudeMode": null, "tessellate": -1, "extrude": 0, "visibility": -1, "drawOrder": null, "icon": null, "vertex_index": 331, "vertex_part": 0, "vertex_part_index": 331, "distance": 7.2072783513357503, "angle": 342.21799967516995 }, "geometry": { "type": "Point", "coordinates": [ 13.21051, 47.631317, 12207.0 ] } },
{ "type": "Feature", "properties": { "Name": "PH-NXH", "description": null, "timestamp": null, "begin": "2025-05-24T11:24:59.393Z", "end": "2025-05-24T13:41:05.445Z", "altitudeMode": null, "tessellate": -1, "extrude": 0, "visibility": -1, "drawOrder": null, "icon": null, "vertex_index": 332, "vertex_part": 0, "vertex_part_index": 332, "distance": 7.2487754745372399, "angle": 342.19123579887429 }, "geometry": { "type": "Point", "coordinates": [ 13.197807, 47.670822, 12207.0 ] } },
{ "type": "Feature", "properties": { "Name": "PH-NXH", "description": null, "timestamp": null, "begin": "2025-05-24T11:24:59.393Z", "end": "2025-05-24T13:41:05.445Z", "altitudeMode": null, "tessellate": -1, "extrude": 0, "visibility": -1, "drawOrder": null, "icon": null, "vertex_index": 333, "vertex_part": 0, "vertex_part_index": 333, "distance": 7.2894477711652899, "angle": 342.14591094105674 }, "geometry": { "type": "Point", "coordinates": [ 13.185379, 47.709549, 12207.0 ] } },
{ "type": "Feature", "properties": { "Name": "PH-NXH", "description": null, "timestamp": null, "begin": "2025-05-24T11:24:59.393Z", "end": "2025-05-24T13:41:05.445Z", "altitudeMode": null, "tessellate": -1, "extrude": 0, "visibility": -1, "drawOrder": null, "icon": null, "vertex_index": 334, "vertex_part": 0, "vertex_part_index": 334, "distance": 7.33096606844492, "angle": 342.08970293091511 }, "geometry": { "type": "Point", "coordinates": [ 13.172607, 47.749054, 12207.0 ] } },
{ "type": "Feature", "properties": { "Name": "PH-NXH", "description": null, "timestamp": null, "begin": "2025-05-24T11:24:59.393Z", "end": "2025-05-24T13:41:05.445Z", "altitudeMode": null, "tessellate": -1, "extrude": 0, "visibility": -1, "drawOrder": null, "icon": null, "vertex_index": 335, "vertex_part": 0, "vertex_part_index": 335, "distance": 7.3716157273610801, "angle": 342.07139576689764 }, "geometry": { "type": "Point", "coordinates": [ 13.16011, 47.787735, 12208.0 ] } },
{ "type": "Feature", "properties": { "Name": "PH-NXH", "description": null, "timestamp": null, "begin": "2025-05-24T11:24:59.393Z", "end": "2025-05-24T13:41:05.445Z", "altitudeMode": null, "tessellate": -1, "extrude": 0, "visibility": -1, "drawOrder": null, "icon": null, "vertex_index": 336, "vertex_part": 0, "vertex_part_index": 336, "distance": 7.4128672033831498, "angle": 342.0936726466133 }, "geometry": { "type": "Point", "coordinates": [ 13.147395, 47.826978, 12208.0 ] } },
{ "type": "Feature", "properties": { "Name": "PH-NXH", "description": null, "timestamp": null, "begin": "2025-05-24T11:24:59.393Z", "end": "2025-05-24T13:41:05.445Z", "altitudeMode": null, "tessellate": -1, "extrude": 0, "visibility": -1, "drawOrder": null, "icon": null, "vertex_index": 337, "vertex_part": 0, "vertex_part_index": 337, "distance": 7.4540225246429896, "angle": 342.07174205925099 }, "geometry": { "type": "Point", "coordinates": [ 13.134773, 47.86615, 12208.0 ] } },
{ "type": "Feature", "properties": { "Name": "PH-NXH", "description": null, "timestamp": null, "begin": "2025-05-24T11:24:59.393Z", "end": "2025-05-24T13:41:05.445Z", "altitudeMode": null, "tessellate": -1, "extrude": 0, "visibility": -1, "drawOrder": null, "icon": null, "vertex_index": 338, "vertex_part": 0, "vertex_part_index": 338, "distance": 7.4947721950220201, "angle": 341.98447971637239 }, "geometry": { "type": "Point", "coordinates": [ 13.122183, 47.904906, 12208.0 ] } },
{ "type": "Feature", "properties": { "Name": "PH-NXH", "description": null, "timestamp": null, "begin": "2025-05-24T11:24:59.393Z", "end": "2025-05-24T13:41:05.445Z", "altitudeMode": null, "tessellate": -1, "extrude": 0, "visibility": -1, "drawOrder": null, "icon": null, "vertex_index": 339, "vertex_part": 0, "vertex_part_index": 339, "distance": 7.5359460557834401, "angle": 341.98012056551528 }, "geometry": { "type": "Point", "coordinates": [ 13.109436, 47.944057, 12208.0 ] } },
{ "type": "Feature", "properties": { "Name": "PH-NXH", "description": null, "timestamp": null, "begin": "2025-05-24T11:24:59.393Z", "end": "2025-05-24T13:41:05.445Z", "altitudeMode": null, "tessellate": -1, "extrude": 0, "visibility": -1, "drawOrder": null, "icon": null, "vertex_index": 340, "vertex_part": 0, "vertex_part_index": 340, "distance": 7.5757093370489397, "angle": 341.95762707983346 }, "geometry": { "type": "Point", "coordinates": [ 13.097145, 47.981873, 12208.0 ] } },
{ "type": "Feature", "properties": { "Name": "PH-NXH", "description": null, "timestamp": null, "begin": "2025-05-24T11:24:59.393Z", "end": "2025-05-24T13:41:05.445Z", "altitudeMode": null, "tessellate": -1, "extrude": 0, "visibility": -1, "drawOrder": null, "icon": null, "vertex_index": 341, "vertex_part": 0, "vertex_part_index": 341, "distance": 7.6164361461186498, "angle": 341.95380826232667 }, "geometry": { "type": "Point", "coordinates": [ 13.084506, 48.020589, 12200.0 ] } },
{ "type": "Feature", "properties": { "Name": "PH-NXH", "description": null, "timestamp": null, "begin": "2025-05-24T11:24:59.393Z", "end": "2025-05-24T13:41:05.445Z", "altitudeMode": null, "tessellate": -1, "extrude": 0, "visibility": -1, "drawOrder": null, "icon": null, "vertex_index": 342, "vertex_part": 0, "vertex_part_index": 342, "distance": 7.6568331256220699, "angle": 341.94098057639621 }, "geometry": { "type": "Point", "coordinates": [ 13.072014, 48.059006, 12200.0 ] } },
{ "type": "Feature", "properties": { "Name": "PH-NXH", "description": null, "timestamp": null, "begin": "2025-05-24T11:24:59.393Z", "end": "2025-05-24T13:41:05.445Z", "altitudeMode": null, "tessellate": -1, "extrude": 0, "visibility": -1, "drawOrder": null, "icon": null, "vertex_index": 343, "vertex_part": 0, "vertex_part_index": 343, "distance": 7.6970472119351996, "angle": 341.87849033744396 }, "geometry": { "type": "Point", "coordinates": [ 13.059517, 48.097229, 12200.0 ] } },
{ "type": "Feature", "properties": { "Name": "PH-NXH", "description": null, "timestamp": null, "begin": "2025-05-24T11:24:59.393Z", "end": "2025-05-24T13:41:05.445Z", "altitudeMode": null, "tessellate": -1, "extrude": 0, "visibility": -1, "drawOrder": null, "icon": null, "vertex_index": 344, "vertex_part": 0, "vertex_part_index": 344, "distance": 7.7380327786874101, "angle": 341.82367420037059 }, "geometry": { "type": "Point", "coordinates": [ 13.046758, 48.136178, 12200.0 ] } },
{ "type": "Feature", "properties": { "Name": "PH-NXH", "description": null, "timestamp": null, "begin": "2025-05-24T11:24:59.393Z", "end": "2025-05-24T13:41:05.445Z", "altitudeMode": null, "tessellate": -1, "extrude": 0, "visibility": -1, "drawOrder": null, "icon": null, "vertex_index": 345, "vertex_part": 0, "vertex_part_index": 345, "distance": 7.7775330805849903, "angle": 341.54191307268991 }, "geometry": { "type": "Point", "coordinates": [ 13.034411, 48.173699, 12200.0 ] } },
{ "type": "Feature", "properties": { "Name": "PH-NXH", "description": null, "timestamp": null, "begin": "2025-05-24T11:24:59.393Z", "end": "2025-05-24T13:41:05.445Z", "altitudeMode": null, "tessellate": -1, "extrude": 0, "visibility": -1, "drawOrder": null, "icon": null, "vertex_index": 346, "vertex_part": 0, "vertex_part_index": 346, "distance": 7.79827310288489, "angle": 338.8678162545653 }, "geometry": { "type": "Point", "coordinates": [ 13.027761, 48.193344, 12200.0 ] } },
{ "type": "Feature", "properties": { "Name": "PH-NXH", "description": null, "timestamp": null, "begin": "2025-05-24T11:24:59.393Z", "end": "2025-05-24T13:41:05.445Z", "altitudeMode": null, "tessellate": -1, "extrude": 0, "visibility": -1, "drawOrder": null, "icon": null, "vertex_index": 347, "vertex_part": 0, "vertex_part_index": 347, "distance": 7.8104755251444198, "angle": 334.19380522603069 }, "geometry": { "type": "Point", "coordinates": [ 13.022883, 48.204529, 12200.0 ] } },
{ "type": "Feature", "properties": { "Name": "PH-NXH", "description": null, "timestamp": null, "begin": "2025-05-24T11:24:59.393Z", "end": "2025-05-24T13:41:05.445Z", "altitudeMode": null, "tessellate": -1, "extrude": 0, "visibility": -1, "drawOrder": null, "icon": null, "vertex_index": 348, "vertex_part": 0, "vertex_part_index": 348, "distance": 7.8224568202330103, "angle": 329.8452340076982 }, "geometry": { "type": "Point", "coordinates": [ 13.017249, 48.215103, 12200.0 ] } },
{ "type": "Feature", "properties": { "Name": "PH-NXH", "description": null, "timestamp": null, "begin": "2025-05-24T11:24:59.393Z", "end": "2025-05-24T13:41:05.445Z", "altitudeMode": null, "tessellate": -1, "extrude": 0, "visibility": -1, "drawOrder": null, "icon": null, "vertex_index": 349, "vertex_part": 0, "vertex_part_index": 349, "distance": 7.8352602371597602, "angle": 325.70335180400934 }, "geometry": { "type": "Point", "coordinates": [ 13.010415, 48.22593, 12200.0 ] } },
{ "type": "Feature", "properties": { "Name": "PH-NXH", "description": null, "timestamp": null, "begin": "2025-05-24T11:24:59.393Z", "end": "2025-05-24T13:41:05.445Z", "altitudeMode": null, "tessellate": -1, "extrude": 0, "visibility": -1, "drawOrder": null, "icon": null, "vertex_index": 350, "vertex_part": 0, "vertex_part_index": 350, "distance": 7.8489248366782203, "angle": 321.74330536199739 }, "geometry": { "type": "Point", "coordinates": [ 13.002319, 48.236938, 12200.0 ] } },
{ "type": "Feature", "properties": { "Name": "PH-NXH", "description": null, "timestamp": null, "begin": "2025-05-24T11:24:59.393Z", "end": "2025-05-24T13:41:05.445Z", "altitudeMode": null, "tessellate": -1, "extrude": 0, "visibility": -1, "drawOrder": null, "icon": null, "vertex_index": 351, "vertex_part": 0, "vertex_part_index": 351, "distance": 7.8599494318181797, "angle": 318.10746195541384 }, "geometry": { "type": "Point", "coordinates": [ 12.995206, 48.245361, 12200.0 ] } },
{ "type": "Feature", "properties": { "Name": "PH-NXH", "description": null, "timestamp": null, "begin": "2025-05-24T11:24:59.393Z", "end": "2025-05-24T13:41:05.445Z", "altitudeMode": null, "tessellate": -1, "extrude": 0, "visibility": -1, "drawOrder": null, "icon": null, "vertex_index": 352, "vertex_part": 0, "vertex_part_index": 352, "distance": 7.8734252249302799, "angle": 314.76650954798731 }, "geometry": { "type": "Point", "coordinates": [ 12.985912, 48.255119, 12200.0 ] } },
{ "type": "Feature", "properties": { "Name": "PH-NXH", "description": null, "timestamp": null, "begin": "2025-05-24T11:24:59.393Z", "end": "2025-05-24T13:41:05.445Z", "altitudeMode": null, "tessellate": -1, "extrude": 0, "visibility": -1, "drawOrder": null, "icon": null, "vertex_index": 353, "vertex_part": 0, "vertex_part_index": 353, "distance": 7.8869388077638503, "angle": 311.82335015838015 }, "geometry": { "type": "Point", "coordinates": [ 12.976051, 48.264359, 12200.0 ] } },
{ "type": "Feature", "properties": { "Name": "PH-NXH", "description": null, "timestamp": null, "begin": "2025-05-24T11:24:59.393Z", "end": "2025-05-24T13:41:05.445Z", "altitudeMode": null, "tessellate": -1, "extrude": 0, "visibility": -1, "drawOrder": null, "icon": null, "vertex_index": 354, "vertex_part": 0, "vertex_part_index": 354, "distance": 7.9230229586614502, "angle": 310.52417701273691 }, "geometry": { "type": "Point", "coordinates": [ 12.948616, 48.287798, 12200.0 ] } },
{ "type": "Feature", "properties": { "Name": "PH-NXH", "description": null, "timestamp": null, "begin": "2025-05-24T11:24:59.393Z", "end": "2025-05-24T13:41:05.445Z", "altitudeMode": null, "tessellate": -1, "extrude": 0, "visibility": -1, "drawOrder": null, "icon": null, "vertex_index": 355, "vertex_part": 0, "vertex_part_index": 355, "distance": 7.9697203038536504, "angle": 310.52815707038928 }, "geometry": { "type": "Point", "coordinates": [ 12.913128, 48.31815, 12200.0 ] } },
{ "type": "Feature", "properties": { "Name": "PH-NXH", "description": null, "timestamp": null, "begin": "2025-05-24T11:24:59.393Z", "end": "2025-05-24T13:41:05.445Z", "altitudeMode": null, "tessellate": -1, "extrude": 0, "visibility": -1, "drawOrder": null, "icon": null, "vertex_index": 356, "vertex_part": 0, "vertex_part_index": 356, "distance": 8.0169226873951605, "angle": 310.4692228937094 }, "geometry": { "type": "Point", "coordinates": [ 12.877244, 48.348816, 12200.0 ] } },
{ "type": "Feature", "properties": { "Name": "PH-NXH", "description": null, "timestamp": null, "begin": "2025-05-24T11:24:59.393Z", "end": "2025-05-24T13:41:05.445Z", "altitudeMode": null, "tessellate": -1, "extrude": 0, "visibility": -1, "drawOrder": null, "icon": null, "vertex_index": 357, "vertex_part": 0, "vertex_part_index": 357, "distance": 8.0642540003813892, "angle": 310.40078627699654 }, "geometry": { "type": "Point", "coordinates": [ 12.841211, 48.379506, 12200.0 ] } },
{ "type": "Feature", "properties": { "Name": "PH-NXH", "description": null, "timestamp": null, "begin": "2025-05-24T11:24:59.393Z", "end": "2025-05-24T13:41:05.445Z", "altitudeMode": null, "tessellate": -1, "extrude": 0, "visibility": -1, "drawOrder": null, "icon": null, "vertex_index": 358, "vertex_part": 0, "vertex_part_index": 358, "distance": 8.1095868389203503, "angle": 310.37029595092406 }, "geometry": { "type": "Point", "coordinates": [ 12.806678, 48.408875, 12200.0 ] } },
{ "type": "Feature", "properties": { "Name": "PH-NXH", "description": null, "timestamp": null, "begin": "2025-05-24T11:24:59.393Z", "end": "2025-05-24T13:41:05.445Z", "altitudeMode": null, "tessellate": -1, "extrude": 0, "visibility": -1, "drawOrder": null, "icon": null, "vertex_index": 359, "vertex_part": 0, "vertex_part_index": 359, "distance": 8.1567519495106993, "angle": 310.3303156447688 }, "geometry": { "type": "Point", "coordinates": [ 12.770739, 48.439419, 12200.0 ] } },
{ "type": "Feature", "properties": { "Name": "PH-NXH", "description": null, "timestamp": null, "begin": "2025-05-24T11:24:59.393Z", "end": "2025-05-24T13:41:05.445Z", "altitudeMode": null, "tessellate": -1, "extrude": 0, "visibility": -1, "drawOrder": null, "icon": null, "vertex_index": 360, "vertex_part": 0, "vertex_part_index": 360, "distance": 8.20432697549073, "angle": 310.27192630425191 }, "geometry": { "type": "Point", "coordinates": [ 12.734455, 48.47019, 12200.0 ] } },
{ "type": "Feature", "properties": { "Name": "PH-NXH", "description": null, "timestamp": null, "begin": "2025-05-24T11:24:59.393Z", "end": "2025-05-24T13:41:05.445Z", "altitudeMode": null, "tessellate": -1, "extrude": 0, "visibility": -1, "drawOrder": null, "icon": null, "vertex_index": 361, "vertex_part": 0, "vertex_part_index": 361, "distance": 8.2519569364082006, "angle": 310.2429963784125 }, "geometry": { "type": "Point", "coordinates": [ 12.698099, 48.500961, 12200.0 ] } },
{ "type": "Feature", "properties": { "Name": "PH-NXH", "description": null, "timestamp": null, "begin": "2025-05-24T11:24:59.393Z", "end": "2025-05-24T13:41:05.445Z", "altitudeMode": null, "tessellate": -1, "extrude": 0, "visibility": -1, "drawOrder": null, "icon": null, "vertex_index": 362, "vertex_part": 0, "vertex_part_index": 362, "distance": 8.2990314455400007, "angle": 310.16860651354244 }, "geometry": { "type": "Point", "coordinates": [ 12.662166, 48.531372, 12200.0 ] } },
{ "type": "Feature", "properties": { "Name": "PH-NXH", "description": null, "timestamp": null, "begin": "2025-05-24T11:24:59.393Z", "end": "2025-05-24T13:41:05.445Z", "altitudeMode": null, "tessellate": -1, "extrude": 0, "visibility": -1, "drawOrder": null, "icon": null, "vertex_index": 363, "vertex_part": 0, "vertex_part_index": 363, "distance": 8.3457989215997603, "angle": 310.09970372112997 }, "geometry": { "type": "Point", "coordinates": [ 12.62639, 48.561493, 12200.0 ] } },
{ "type": "Feature", "properties": { "Name": "PH-NXH", "description": null, "timestamp": null, "begin": "2025-05-24T11:24:59.393Z", "end": "2025-05-24T13:41:05.445Z", "altitudeMode": null, "tessellate": -1, "extrude": 0, "visibility": -1, "drawOrder": null, "icon": null, "vertex_index": 364, "vertex_part": 0, "vertex_part_index": 364, "distance": 8.3931257086236002, "angle": 310.11603782027356 }, "geometry": { "type": "Point", "coordinates": [ 12.590191, 48.59198, 12200.0 ] } },
{ "type": "Feature", "properties": { "Name": "PH-NXH", "description": null, "timestamp": null, "begin": "2025-05-24T11:24:59.393Z", "end": "2025-05-24T13:41:05.445Z", "altitudeMode": null, "tessellate": -1, "extrude": 0, "visibility": -1, "drawOrder": null, "icon": null, "vertex_index": 365, "vertex_part": 0, "vertex_part_index": 365, "distance": 8.4402059980555908, "angle": 310.07242640089163 }, "geometry": { "type": "Point", "coordinates": [ 12.554193, 48.622323, 12200.0 ] } },
{ "type": "Feature", "properties": { "Name": "PH-NXH", "description": null, "timestamp": null, "begin": "2025-05-24T11:24:59.393Z", "end": "2025-05-24T13:41:05.445Z", "altitudeMode": null, "tessellate": -1, "extrude": 0, "visibility": -1, "drawOrder": null, "icon": null, "vertex_index": 366, "vertex_part": 0, "vertex_part_index": 366, "distance": 8.4868285127561105, "angle": 310.01254284904252 }, "geometry": { "type": "Point", "coordinates": [ 12.518487, 48.652302, 12200.0 ] } },
{ "type": "Feature", "properties": { "Name": "PH-NXH", "description": null, "timestamp": null, "begin": "2025-05-24T11:24:59.393Z", "end": "2025-05-24T13:41:05.445Z", "altitudeMode": null, "tessellate": -1, "extrude": 0, "visibility": -1, "drawOrder": null, "icon": null, "vertex_index": 367, "vertex_part": 0, "vertex_part_index": 367, "distance": 8.5347647956011592, "angle": 309.9434482770439 }, "geometry": { "type": "Point", "coordinates": [ 12.48177, 48.68312, 12200.0 ] } },
{ "type": "Feature", "properties": { "Name": "PH-NXH", "description": null, "timestamp": null, "begin": "2025-05-24T11:24:59.393Z", "end": "2025-05-24T13:41:05.445Z", "altitudeMode": null, "tessellate": -1, "extrude": 0, "visibility": -1, "drawOrder": null, "icon": null, "vertex_index": 368, "vertex_part": 0, "vertex_part_index": 368, "distance": 8.5826119607000404, "angle": 309.87441450787975 }, "geometry": { "type": "Point", "coordinates": [ 12.445052, 48.713798, 12199.0 ] } },
{ "type": "Feature", "properties": { "Name": "PH-NXH", "description": null, "timestamp": null, "begin": "2025-05-24T11:24:59.393Z", "end": "2025-05-24T13:41:05.445Z", "altitudeMode": null, "tessellate": -1, "extrude": 0, "visibility": -1, "drawOrder": null, "icon": null, "vertex_index": 369, "vertex_part": 0, "vertex_part_index": 369, "distance": 8.6298861514810596, "angle": 309.89599336339074 }, "geometry": { "type": "Point", "coordinates": [ 12.408769, 48.744103, 12199.0 ] } },
{ "type": "Feature", "properties": { "Name": "PH-NXH", "description": null, "timestamp": null, "begin": "2025-05-24T11:24:59.393Z", "end": "2025-05-24T13:41:05.445Z", "altitudeMode": null, "tessellate": -1, "extrude": 0, "visibility": -1, "drawOrder": null, "icon": null, "vertex_index": 370, "vertex_part": 0, "vertex_part_index": 370, "distance": 8.6768207274885203, "angle": 309.8400826588113 }, "geometry": { "type": "Point", "coordinates": [ 12.372774, 48.774223, 12199.0 ] } },
{ "type": "Feature", "properties": { "Name": "PH-NXH", "description": null, "timestamp": null, "begin": "2025-05-24T11:24:59.393Z", "end": "2025-05-24T13:41:05.445Z", "altitudeMode": null, "tessellate": -1, "extrude": 0, "visibility": -1, "drawOrder": null, "icon": null, "vertex_index": 371, "vertex_part": 0, "vertex_part_index": 371, "distance": 8.7246216485047494, "angle": 309.75289774692027 }, "geometry": { "type": "Point", "coordinates": [ 12.336027, 48.804794, 12199.0 ] } },
{ "type": "Feature", "properties": { "Name": "PH-NXH", "description": null, "timestamp": null, "begin": "2025-05-24T11:24:59.393Z", "end": "2025-05-24T13:41:05.445Z", "altitudeMode": null, "tessellate": -1, "extrude": 0, "visibility": -1, "drawOrder": null, "icon": null, "vertex_index": 372, "vertex_part": 0, "vertex_part_index": 372, "distance": 8.7726207787677009, "angle": 309.74540764778789 }, "geometry": { "type": "Point", "coordinates": [ 12.299122, 48.835485, 12207.0 ] } },
{ "type": "Feature", "properties": { "Name": "PH-NXH", "description": null, "timestamp": null, "begin": "2025-05-24T11:24:59.393Z", "end": "2025-05-24T13:41:05.445Z", "altitudeMode": null, "tessellate": -1, "extrude": 0, "visibility": -1, "drawOrder": null, "icon": null, "vertex_index": 373, "vertex_part": 0, "vertex_part_index": 373, "distance": 8.8207026248429106, "angle": 309.71818503203048 }, "geometry": { "type": "Point", "coordinates": [ 12.262151, 48.866226, 12199.0 ] } },
{ "type": "Feature", "properties": { "Name": "PH-NXH", "description": null, "timestamp": null, "begin": "2025-05-24T11:24:59.393Z", "end": "2025-05-24T13:41:05.445Z", "altitudeMode": null, "tessellate": -1, "extrude": 0, "visibility": -1, "drawOrder": null, "icon": null, "vertex_index": 374, "vertex_part": 0, "vertex_part_index": 374, "distance": 8.8682947928645497, "angle": 309.63865445568382 }, "geometry": { "type": "Point", "coordinates": [ 12.22553, 48.896622, 12199.0 ] } },
{ "type": "Feature", "properties": { "Name": "PH-NXH", "description": null, "timestamp": null, "begin": "2025-05-24T11:24:59.393Z", "end": "2025-05-24T13:41:05.445Z", "altitudeMode": null, "tessellate": -1, "extrude": 0, "visibility": -1, "drawOrder": null, "icon": null, "vertex_index": 375, "vertex_part": 0, "vertex_part_index": 375, "distance": 8.9159949046988007, "angle": 309.58457058631257 }, "geometry": { "type": "Point", "coordinates": [ 12.188768, 48.927017, 12199.0 ] } },
{ "type": "Feature", "properties": { "Name": "PH-NXH", "description": null, "timestamp": null, "begin": "2025-05-24T11:24:59.393Z", "end": "2025-05-24T13:41:05.445Z", "altitudeMode": null, "tessellate": -1, "extrude": 0, "visibility": -1, "drawOrder": null, "icon": null, "vertex_index": 376, "vertex_part": 0, "vertex_part_index": 376, "distance": 8.9636956537495198, "angle": 309.54620070108808 }, "geometry": { "type": "Point", "coordinates": [ 12.152006, 48.957413, 12207.0 ] } },
{ "type": "Feature", "properties": { "Name": "PH-NXH", "description": null, "timestamp": null, "begin": "2025-05-24T11:24:59.393Z", "end": "2025-05-24T13:41:05.445Z", "altitudeMode": null, "tessellate": -1, "extrude": 0, "visibility": -1, "drawOrder": null, "icon": null, "vertex_index": 377, "vertex_part": 0, "vertex_part_index": 377, "distance": 9.0116178181935496, "angle": 309.51332002600657 }, "geometry": { "type": "Point", "coordinates": [ 12.115032, 48.9879, 12207.0 ] } },
{ "type": "Feature", "properties": { "Name": "PH-NXH", "description": null, "timestamp": null, "begin": "2025-05-24T11:24:59.393Z", "end": "2025-05-24T13:41:05.445Z", "altitudeMode": null, "tessellate": -1, "extrude": 0, "visibility": -1, "drawOrder": null, "icon": null, "vertex_index": 378, "vertex_part": 0, "vertex_part_index": 378, "distance": 9.0599695009460604, "angle": 309.47792444911175 }, "geometry": { "type": "Point", "coordinates": [ 12.077733, 49.018668, 12199.0 ] } },
{ "type": "Feature", "properties": { "Name": "PH-NXH", "description": null, "timestamp": null, "begin": "2025-05-24T11:24:59.393Z", "end": "2025-05-24T13:41:05.445Z", "altitudeMode": null, "tessellate": -1, "extrude": 0, "visibility": -1, "drawOrder": null, "icon": null, "vertex_index": 379, "vertex_part": 0, "vertex_part_index": 379, "distance": 9.1076046894205493, "angle": 309.40848073457249 }, "geometry": { "type": "Point", "coordinates": [ 12.040943, 49.048927, 12199.0 ] } },
{ "type": "Feature", "properties": { "Name": "PH-NXH", "description": null, "timestamp": null, "begin": "2025-05-24T11:24:59.393Z", "end": "2025-05-24T13:41:05.445Z", "altitudeMode": null, "tessellate": -1, "extrude": 0, "visibility": -1, "drawOrder": null, "icon": null, "vertex_index": 380, "vertex_part": 0, "vertex_part_index": 380, "distance": 9.1547072975118198, "angle": 309.38164570695614 }, "geometry": { "type": "Point", "coordinates": [ 12.004535, 49.078812, 12207.0 ] } },
{ "type": "Feature", "properties": { "Name": "PH-NXH", "description": null, "timestamp": null, "begin": "2025-05-24T11:24:59.393Z", "end": "2025-05-24T13:41:05.445Z", "altitudeMode": null, "tessellate": -1, "extrude": 0, "visibility": -1, "drawOrder": null, "icon": null, "vertex_index": 381, "vertex_part": 0, "vertex_part_index": 381, "distance": 9.20217775022717, "angle": 309.34770879727557 }, "geometry": { "type": "Point", "coordinates": [ 11.967844, 49.108932, 12199.0 ] } },
{ "type": "Feature", "properties": { "Name": "PH-NXH", "description": null, "timestamp": null, "begin": "2025-05-24T11:24:59.393Z", "end": "2025-05-24T13:41:05.445Z", "altitudeMode": null, "tessellate": -1, "extrude": 0, "visibility": -1, "drawOrder": null, "icon": null, "vertex_index": 382, "vertex_part": 0, "vertex_part_index": 382, "distance": 9.2501613476850508, "angle": 309.26903584299185 }, "geometry": { "type": "Point", "coordinates": [ 11.930719, 49.139332, 12207.0 ] } },
{ "type": "Feature", "properties": { "Name": "PH-NXH", "description": null, "timestamp": null, "begin": "2025-05-24T11:24:59.393Z", "end": "2025-05-24T13:41:05.445Z", "altitudeMode": null, "tessellate": -1, "extrude": 0, "visibility": -1, "drawOrder": null, "icon": null, "vertex_index": 383, "vertex_part": 0, "vertex_part_index": 383, "distance": 9.2981487001021197, "angle": 309.23459588089389 }, "geometry": { "type": "Point", "coordinates": [ 11.893545, 49.169678, 12207.0 ] } },
{ "type": "Feature", "properties": { "Name": "PH-NXH", "description": null, "timestamp": null, "begin": "2025-05-24T11:24:59.393Z", "end": "2025-05-24T13:41:05.445Z", "altitudeMode": null, "tessellate": -1, "extrude": 0, "visibility": -1, "drawOrder": null, "icon": null, "vertex_index": 384, "vertex_part": 0, "vertex_part_index": 384, "distance": 9.3456164310885494, "angle": 309.21801112868638 }, "geometry": { "type": "Point", "coordinates": [ 11.856783, 49.199707, 12207.0 ] } },
{ "type": "Feature", "properties": { "Name": "PH-NXH", "description": null, "timestamp": null, "begin": "2025-05-24T11:24:59.393Z", "end": "2025-05-24T13:41:05.445Z", "altitudeMode": null, "tessellate": -1, "extrude": 0, "visibility": -1, "drawOrder": null, "icon": null, "vertex_index": 385, "vertex_part": 0, "vertex_part_index": 385, "distance": 9.3936520893644602, "angle": 309.13794044998178 }, "geometry": { "type": "Point", "coordinates": [ 11.819554, 49.230062, 12207.0 ] } },
{ "type": "Feature", "properties": { "Name": "PH-NXH", "description": null, "timestamp": null, "begin": "2025-05-24T11:24:59.393Z", "end": "2025-05-24T13:41:05.445Z", "altitudeMode": null, "tessellate": -1, "extrude": 0, "visibility": -1, "drawOrder": null, "icon": null, "vertex_index": 386, "vertex_part": 0, "vertex_part_index": 386, "distance": 9.4421648904998303, "angle": 309.06937023073755 }, "geometry": { "type": "Point", "coordinates": [ 11.781897, 49.260647, 12207.0 ] } },
{ "type": "Feature", "properties": { "Name": "PH-NXH", "description": null, "timestamp": null, "begin": "2025-05-24T11:24:59.393Z", "end": "2025-05-24T13:41:05.445Z", "altitudeMode": null, "tessellate": -1, "extrude": 0, "visibility": -1, "drawOrder": null, "icon": null, "vertex_index": 387, "vertex_part": 0, "vertex_part_index": 387, "distance": 9.4898199501682399, "angle": 309.06059862385791 }, "geometry": { "type": "Point", "coordinates": [ 11.744891, 49.290673, 12207.0 ] } },
{ "type": "Feature", "properties": { "Name": "PH-NXH", "description": null, "timestamp": null, "begin": "2025-05-24T11:24:59.393Z", "end": "2025-05-24T13:41:05.445Z", "altitudeMode": null, "tessellate": -1, "extrude": 0, "visibility": -1, "drawOrder": null, "icon": null, "vertex_index": 388, "vertex_part": 0, "vertex_part_index": 388, "distance": 9.5389080023296398, "angle": 308.99619358715552 }, "geometry": { "type": "Point", "coordinates": [ 11.706778, 49.321609, 12207.0 ] } },
{ "type": "Feature", "properties": { "Name": "PH-NXH", "description": null, "timestamp": null, "begin": "2025-05-24T11:24:59.393Z", "end": "2025-05-24T13:41:05.445Z", "altitudeMode": null, "tessellate": -1, "extrude": 0, "visibility": -1, "drawOrder": null, "icon": null, "vertex_index": 389, "vertex_part": 0, "vertex_part_index": 389, "distance": 9.5870998427282004, "angle": 308.95566629638859 }, "geometry": { "type": "Point", "coordinates": [ 11.669287, 49.351889, 12206.0 ] } },
{ "type": "Feature", "properties": { "Name": "PH-NXH", "description": null, "timestamp": null, "begin": "2025-05-24T11:24:59.393Z", "end": "2025-05-24T13:41:05.445Z", "altitudeMode": null, "tessellate": -1, "extrude": 0, "visibility": -1, "drawOrder": null, "icon": null, "vertex_index": 390, "vertex_part": 0, "vertex_part_index": 390, "distance": 9.6343614387444099, "angle": 308.94678617882778 }, "geometry": { "type": "Point", "coordinates": [ 11.63255, 49.381622, 12206.0 ] } },
{ "type": "Feature", "properties": { "Name": "PH-NXH", "description": null, "timestamp": null, "begin": "2025-05-24T11:24:59.393Z", "end": "2025-05-24T13:41:05.445Z", "altitudeMode": null, "tessellate": -1, "extrude": 0, "visibility": -1, "drawOrder": null, "icon": null, "vertex_index": 391, "vertex_part": 0, "vertex_part_index": 391, "distance": 9.6818935277475298, "angle": 308.89203338428393 }, "geometry": { "type": "Point", "coordinates": [ 11.595563, 49.411476, 12206.0 ] } },
{ "type": "Feature", "properties": { "Name": "PH-NXH", "description": null, "timestamp": null, "begin": "2025-05-24T11:24:59.393Z", "end": "2025-05-24T13:41:05.445Z", "altitudeMode": null, "tessellate": -1, "extrude": 0, "visibility": -1, "drawOrder": null, "icon": null, "vertex_index": 392, "vertex_part": 0, "vertex_part_index": 392, "distance": 9.72958574021456, "angle": 308.82054906579435 }, "geometry": { "type": "Point", "coordinates": [ 11.558434, 49.441409, 12206.0 ] } },
{ "type": "Feature", "properties": { "Name": "PH-NXH", "description": null, "timestamp": null, "begin": "2025-05-24T11:24:59.393Z", "end": "2025-05-24T13:41:05.445Z", "altitudeMode": null, "tessellate": -1, "extrude": 0, "visibility": -1, "drawOrder": null, "icon": null, "vertex_index": 393, "vertex_part": 0, "vertex_part_index": 393, "distance": 9.7789295492689803, "angle": 308.76599166231546 }, "geometry": { "type": "Point", "coordinates": [ 11.51996, 49.472305, 12206.0 ] } },
{ "type": "Feature", "properties": { "Name": "PH-NXH", "description": null, "timestamp": null, "begin": "2025-05-24T11:24:59.393Z", "end": "2025-05-24T13:41:05.445Z", "altitudeMode": null, "tessellate": -1, "extrude": 0, "visibility": -1, "drawOrder": null, "icon": null, "vertex_index": 394, "vertex_part": 0, "vertex_part_index": 394, "distance": 9.82666929573878, "angle": 308.73668318305397 }, "geometry": { "type": "Point", "coordinates": [ 11.482737, 49.502197, 12206.0 ] } },
{ "type": "Feature", "properties": { "Name": "PH-NXH", "description": null, "timestamp": null, "begin": "2025-05-24T11:24:59.393Z", "end": "2025-05-24T13:41:05.445Z", "altitudeMode": null, "tessellate": -1, "extrude": 0, "visibility": -1, "drawOrder": null, "icon": null, "vertex_index": 395, "vertex_part": 0, "vertex_part_index": 395, "distance": 9.8749231002519995, "angle": 308.35001160958188 }, "geometry": { "type": "Point", "coordinates": [ 11.445082, 49.532372, 12206.0 ] } },
{ "type": "Feature", "properties": { "Name": "PH-NXH", "description": null, "timestamp": null, "begin": "2025-05-24T11:24:59.393Z", "end": "2025-05-24T13:41:05.445Z", "altitudeMode": null, "tessellate": -1, "extrude": 0, "visibility": -1, "drawOrder": null, "icon": null, "vertex_index": 396, "vertex_part": 0, "vertex_part_index": 396, "distance": 9.9145469114013505, "angle": 307.3868704838174 }, "geometry": { "type": "Point", "coordinates": [ 11.413855, 49.556763, 12206.0 ] } },
{ "type": "Feature", "properties": { "Name": "PH-NXH", "description": null, "timestamp": null, "begin": "2025-05-24T11:24:59.393Z", "end": "2025-05-24T13:41:05.445Z", "altitudeMode": null, "tessellate": -1, "extrude": 0, "visibility": -1, "drawOrder": null, "icon": null, "vertex_index": 397, "vertex_part": 0, "vertex_part_index": 397, "distance": 9.9550659603783505, "angle": 306.23125398563349 }, "geometry": { "type": "Point", "coordinates": [ 11.381402, 49.581024, 12206.0 ] } },
{ "type": "Feature", "properties": { "Name": "PH-NXH", "description": null, "timestamp": null, "begin": "2025-05-24T11:24:59.393Z", "end": "2025-05-24T13:41:05.445Z", "altitudeMode": null, "tessellate": -1, "extrude": 0, "visibility": -1, "drawOrder": null, "icon": null, "vertex_index": 398, "vertex_part": 0, "vertex_part_index": 398, "distance": 10.00427374130779, "angle": 305.58896488177896 }, "geometry": { "type": "Point", "coordinates": [ 11.341432, 49.609726, 12206.0 ] } },
{ "type": "Feature", "properties": { "Name": "PH-NXH", "description": null, "timestamp": null, "begin": "2025-05-24T11:24:59.393Z", "end": "2025-05-24T13:41:05.445Z", "altitudeMode": null, "tessellate": -1, "extrude": 0, "visibility": -1, "drawOrder": null, "icon": null, "vertex_index": 399, "vertex_part": 0, "vertex_part_index": 399, "distance": 10.05425570538485, "angle": 305.4581949049969 }, "geometry": { "type": "Point", "coordinates": [ 11.300739, 49.638748, 12206.0 ] } },
{ "type": "Feature", "properties": { "Name": "PH-NXH", "description": null, "timestamp": null, "begin": "2025-05-24T11:24:59.393Z", "end": "2025-05-24T13:41:05.445Z", "altitudeMode": null, "tessellate": -1, "extrude": 0, "visibility": -1, "drawOrder": null, "icon": null, "vertex_index": 400, "vertex_part": 0, "vertex_part_index": 400, "distance": 10.104129069759029, "angle": 305.42050377458469 }, "geometry": { "type": "Point", "coordinates": [ 11.260096, 49.667653, 12206.0 ] } },
{ "type": "Feature", "properties": { "Name": "PH-NXH", "description": null, "timestamp": null, "begin": "2025-05-24T11:24:59.393Z", "end": "2025-05-24T13:41:05.445Z", "altitudeMode": null, "tessellate": -1, "extrude": 0, "visibility": -1, "drawOrder": null, "icon": null, "vertex_index": 401, "vertex_part": 0, "vertex_part_index": 401, "distance": 10.153045712836819, "angle": 305.40597700335132 }, "geometry": { "type": "Point", "coordinates": [ 11.220233, 49.696004, 12206.0 ] } },
{ "type": "Feature", "properties": { "Name": "PH-NXH", "description": null, "timestamp": null, "begin": "2025-05-24T11:24:59.393Z", "end": "2025-05-24T13:41:05.445Z", "altitudeMode": null, "tessellate": -1, "extrude": 0, "visibility": -1, "drawOrder": null, "icon": null, "vertex_index": 402, "vertex_part": 0, "vertex_part_index": 402, "distance": 10.202621424319361, "angle": 305.36107055831951 }, "geometry": { "type": "Point", "coordinates": [ 11.179818, 49.724716, 12206.0 ] } },
{ "type": "Feature", "properties": { "Name": "PH-NXH", "description": null, "timestamp": null, "begin": "2025-05-24T11:24:59.393Z", "end": "2025-05-24T13:41:05.445Z", "altitudeMode": null, "tessellate": -1, "extrude": 0, "visibility": -1, "drawOrder": null, "icon": null, "vertex_index": 403, "vertex_part": 0, "vertex_part_index": 403, "distance": 10.251260566427341, "angle": 305.30854057047094 }, "geometry": { "type": "Point", "coordinates": [ 11.140137, 49.752844, 12206.0 ] } },
{ "type": "Feature", "properties": { "Name": "PH-NXH", "description": null, "timestamp": null, "begin": "2025-05-24T11:24:59.393Z", "end": "2025-05-24T13:41:05.445Z", "altitudeMode": null, "tessellate": -1, "extrude": 0, "visibility": -1, "drawOrder": null, "icon": null, "vertex_index": 404, "vertex_part": 0, "vertex_part_index": 404, "distance": 10.30009562421373, "angle": 305.2534697242661 }, "geometry": { "type": "Point", "coordinates": [ 11.100274, 49.781054, 12206.0 ] } },
{ "type": "Feature", "properties": { "Name": "PH-NXH", "description": null, "timestamp": null, "begin": "2025-05-24T11:24:59.393Z", "end": "2025-05-24T13:41:05.445Z", "altitudeMode": null, "tessellate": -1, "extrude": 0, "visibility": -1, "drawOrder": null, "icon": null, "vertex_index": 405, "vertex_part": 0, "vertex_part_index": 405, "distance": 10.34925378205147, "angle": 305.20801023595436 }, "geometry": { "type": "Point", "coordinates": [ 11.060115, 49.809405, 12206.0 ] } },
{ "type": "Feature", "properties": { "Name": "PH-NXH", "description": null, "timestamp": null, "begin": "2025-05-24T11:24:59.393Z", "end": "2025-05-24T13:41:05.445Z", "altitudeMode": null, "tessellate": -1, "extrude": 0, "visibility": -1, "drawOrder": null, "icon": null, "vertex_index": 406, "vertex_part": 0, "vertex_part_index": 406, "distance": 10.399126886636999, "angle": 305.15205267751105 }, "geometry": { "type": "Point", "coordinates": [ 11.019359, 49.83815, 12214.0 ] } },
{ "type": "Feature", "properties": { "Name": "PH-NXH", "description": null, "timestamp": null, "begin": "2025-05-24T11:24:59.393Z", "end": "2025-05-24T13:41:05.445Z", "altitudeMode": null, "tessellate": -1, "extrude": 0, "visibility": -1, "drawOrder": null, "icon": null, "vertex_index": 407, "vertex_part": 0, "vertex_part_index": 407, "distance": 10.44676278245098, "angle": 305.11178004913546 }, "geometry": { "type": "Point", "coordinates": [ 10.98039, 49.865547, 12206.0 ] } },
{ "type": "Feature", "properties": { "Name": "PH-NXH", "description": null, "timestamp": null, "begin": "2025-05-24T11:24:59.393Z", "end": "2025-05-24T13:41:05.445Z", "altitudeMode": null, "tessellate": -1, "extrude": 0, "visibility": -1, "drawOrder": null, "icon": null, "vertex_index": 408, "vertex_part": 0, "vertex_part_index": 408, "distance": 10.49613054822988, "angle": 305.08612759941644 }, "geometry": { "type": "Point", "coordinates": [ 10.940007, 49.893944, 12214.0 ] } },
{ "type": "Feature", "properties": { "Name": "PH-NXH", "description": null, "timestamp": null, "begin": "2025-05-24T11:24:59.393Z", "end": "2025-05-24T13:41:05.445Z", "altitudeMode": null, "tessellate": -1, "extrude": 0, "visibility": -1, "drawOrder": null, "icon": null, "vertex_index": 409, "vertex_part": 0, "vertex_part_index": 409, "distance": 10.54645952085003, "angle": 305.01956342745183 }, "geometry": { "type": "Point", "coordinates": [ 10.898809, 49.922853, 12214.0 ] } },
{ "type": "Feature", "properties": { "Name": "PH-NXH", "description": null, "timestamp": null, "begin": "2025-05-24T11:24:59.393Z", "end": "2025-05-24T13:41:05.445Z", "altitudeMode": null, "tessellate": -1, "extrude": 0, "visibility": -1, "drawOrder": null, "icon": null, "vertex_index": 410, "vertex_part": 0, "vertex_part_index": 410, "distance": 10.595746889799891, "angle": 304.98178241787565 }, "geometry": { "type": "Point", "coordinates": [ 10.858426, 49.95111, 12214.0 ] } },
{ "type": "Feature", "properties": { "Name": "PH-NXH", "description": null, "timestamp": null, "begin": "2025-05-24T11:24:59.393Z", "end": "2025-05-24T13:41:05.445Z", "altitudeMode": null, "tessellate": -1, "extrude": 0, "visibility": -1, "drawOrder": null, "icon": null, "vertex_index": 411, "vertex_part": 0, "vertex_part_index": 411, "distance": 10.64503343941538, "angle": 304.96763008118342 }, "geometry": { "type": "Point", "coordinates": [ 10.818044, 49.979367, 12214.0 ] } },
{ "type": "Feature", "properties": { "Name": "PH-NXH", "description": null, "timestamp": null, "begin": "2025-05-24T11:24:59.393Z", "end": "2025-05-24T13:41:05.445Z", "altitudeMode": null, "tessellate": -1, "extrude": 0, "visibility": -1, "drawOrder": null, "icon": null, "vertex_index": 412, "vertex_part": 0, "vertex_part_index": 412, "distance": 10.69465760519174, "angle": 304.89300707936468 }, "geometry": { "type": "Point", "coordinates": [ 10.777371, 50.007797, 12214.0 ] } },
{ "type": "Feature", "properties": { "Name": "PH-NXH", "description": null, "timestamp": null, "begin": "2025-05-24T11:24:59.393Z", "end": "2025-05-24T13:41:05.445Z", "altitudeMode": null, "tessellate": -1, "extrude": 0, "visibility": -1, "drawOrder": null, "icon": null, "vertex_index": 413, "vertex_part": 0, "vertex_part_index": 413, "distance": 10.743704799871971, "angle": 304.84587822915762 }, "geometry": { "type": "Point", "coordinates": [ 10.737112, 50.035812, 12214.0 ] } },
{ "type": "Feature", "properties": { "Name": "PH-NXH", "description": null, "timestamp": null, "begin": "2025-05-24T11:24:59.393Z", "end": "2025-05-24T13:41:05.445Z", "altitudeMode": null, "tessellate": -1, "extrude": 0, "visibility": -1, "drawOrder": null, "icon": null, "vertex_index": 414, "vertex_part": 0, "vertex_part_index": 414, "distance": 10.79334637403114, "angle": 304.82668905513896 }, "geometry": { "type": "Point", "coordinates": [ 10.696378, 50.064185, 12214.0 ] } },
{ "type": "Feature", "properties": { "Name": "PH-NXH", "description": null, "timestamp": null, "begin": "2025-05-24T11:24:59.393Z", "end": "2025-05-24T13:41:05.445Z", "altitudeMode": null, "tessellate": -1, "extrude": 0, "visibility": -1, "drawOrder": null, "icon": null, "vertex_index": 415, "vertex_part": 0, "vertex_part_index": 415, "distance": 10.84270194977492, "angle": 304.74478645312161 }, "geometry": { "type": "Point", "coordinates": [ 10.655847, 50.092349, 12214.0 ] } },
{ "type": "Feature", "properties": { "Name": "PH-NXH", "description": null, "timestamp": null, "begin": "2025-05-24T11:24:59.393Z", "end": "2025-05-24T13:41:05.445Z", "altitudeMode": null, "tessellate": -1, "extrude": 0, "visibility": -1, "drawOrder": null, "icon": null, "vertex_index": 416, "vertex_part": 0, "vertex_part_index": 416, "distance": 10.89308063789797, "angle": 304.68323559010543 }, "geometry": { "type": "Point", "coordinates": [ 10.614426, 50.121025, 12214.0 ] } },
{ "type": "Feature", "properties": { "Name": "PH-NXH", "description": null, "timestamp": null, "begin": "2025-05-24T11:24:59.393Z", "end": "2025-05-24T13:41:05.445Z", "altitudeMode": null, "tessellate": -1, "extrude": 0, "visibility": -1, "drawOrder": null, "icon": null, "vertex_index": 417, "vertex_part": 0, "vertex_part_index": 417, "distance": 10.942181580332919, "angle": 304.29867152721908 }, "geometry": { "type": "Point", "coordinates": [ 10.574044, 50.148957, 12214.0 ] } },
{ "type": "Feature", "properties": { "Name": "PH-NXH", "description": null, "timestamp": null, "begin": "2025-05-24T11:24:59.393Z", "end": "2025-05-24T13:41:05.445Z", "altitudeMode": null, "tessellate": -1, "extrude": 0, "visibility": -1, "drawOrder": null, "icon": null, "vertex_index": 418, "vertex_part": 0, "vertex_part_index": 418, "distance": 10.97546110064196, "angle": 303.32191449740981 }, "geometry": { "type": "Point", "coordinates": [ 10.54643, 50.167531, 12214.0 ] } },
{ "type": "Feature", "properties": { "Name": "PH-NXH", "description": null, "timestamp": null, "begin": "2025-05-24T11:24:59.393Z", "end": "2025-05-24T13:41:05.445Z", "altitudeMode": null, "tessellate": -1, "extrude": 0, "visibility": -1, "drawOrder": null, "icon": null, "vertex_index": 419, "vertex_part": 0, "vertex_part_index": 419, "distance": 11.015738410246749, "angle": 302.18141323355366 }, "geometry": { "type": "Point", "coordinates": [ 10.512543, 50.189301, 12214.0 ] } },
{ "type": "Feature", "properties": { "Name": "PH-NXH", "description": null, "timestamp": null, "begin": "2025-05-24T11:24:59.393Z", "end": "2025-05-24T13:41:05.445Z", "altitudeMode": null, "tessellate": -1, "extrude": 0, "visibility": -1, "drawOrder": null, "icon": null, "vertex_index": 420, "vertex_part": 0, "vertex_part_index": 420, "distance": 11.06625551677514, "angle": 301.56411385787595 }, "geometry": { "type": "Point", "coordinates": [ 10.469537, 50.215805, 12214.0 ] } },
{ "type": "Feature", "properties": { "Name": "PH-NXH", "description": null, "timestamp": null, "begin": "2025-05-24T11:24:59.393Z", "end": "2025-05-24T13:41:05.445Z", "altitudeMode": null, "tessellate": -1, "extrude": 0, "visibility": -1, "drawOrder": null, "icon": null, "vertex_index": 421, "vertex_part": 0, "vertex_part_index": 421, "distance": 11.11753175713069, "angle": 301.4838926637313 }, "geometry": { "type": "Point", "coordinates": [ 10.425809, 50.242584, 12214.0 ] } },
{ "type": "Feature", "properties": { "Name": "PH-NXH", "description": null, "timestamp": null, "begin": "2025-05-24T11:24:59.393Z", "end": "2025-05-24T13:41:05.445Z", "altitudeMode": null, "tessellate": -1, "extrude": 0, "visibility": -1, "drawOrder": null, "icon": null, "vertex_index": 422, "vertex_part": 0, "vertex_part_index": 422, "distance": 11.16889427484546, "angle": 301.4236132163108 }, "geometry": { "type": "Point", "coordinates": [ 10.382008, 50.269409, 12214.0 ] } },
{ "type": "Feature", "properties": { "Name": "PH-NXH", "description": null, "timestamp": null, "begin": "2025-05-24T11:24:59.393Z", "end": "2025-05-24T13:41:05.445Z", "altitudeMode": null, "tessellate": -1, "extrude": 0, "visibility": -1, "drawOrder": null, "icon": null, "vertex_index": 423, "vertex_part": 0, "vertex_part_index": 423, "distance": 11.219926631012889, "angle": 301.37013681096084 }, "geometry": { "type": "Point", "coordinates": [ 10.338432, 50.295969, 12214.0 ] } },
{ "type": "Feature", "properties": { "Name": "PH-NXH", "description": null, "timestamp": null, "begin": "2025-05-24T11:24:59.393Z", "end": "2025-05-24T13:41:05.445Z", "altitudeMode": null, "tessellate": -1, "extrude": 0, "visibility": -1, "drawOrder": null, "icon": null, "vertex_index": 424, "vertex_part": 0, "vertex_part_index": 424, "distance": 11.270530151769851, "angle": 301.35531197813947 }, "geometry": { "type": "Point", "coordinates": [ 10.295229, 50.322317, 12213.0 ] } },
{ "type": "Feature", "properties": { "Name": "PH-NXH", "description": null, "timestamp": null, "begin": "2025-05-24T11:24:59.393Z", "end": "2025-05-24T13:41:05.445Z", "altitudeMode": null, "tessellate": -1, "extrude": 0, "visibility": -1, "drawOrder": null, "icon": null, "vertex_index": 425, "vertex_part": 0, "vertex_part_index": 425, "distance": 11.32110973671279, "angle": 301.30825731868254 }, "geometry": { "type": "Point", "coordinates": [ 10.252026, 50.348619, 12213.0 ] } },
{ "type": "Feature", "properties": { "Name": "PH-NXH", "description": null, "timestamp": null, "begin": "2025-05-24T11:24:59.393Z", "end": "2025-05-24T13:41:05.445Z", "altitudeMode": null, "tessellate": -1, "extrude": 0, "visibility": -1, "drawOrder": null, "icon": null, "vertex_index": 426, "vertex_part": 0, "vertex_part_index": 426, "distance": 11.371149000816089, "angle": 301.24177010743455 }, "geometry": { "type": "Point", "coordinates": [ 10.209262, 50.374603, 12213.0 ] } },
{ "type": "Feature", "properties": { "Name": "PH-NXH", "description": null, "timestamp": null, "begin": "2025-05-24T11:24:59.393Z", "end": "2025-05-24T13:41:05.445Z", "altitudeMode": null, "tessellate": -1, "extrude": 0, "visibility": -1, "drawOrder": null, "icon": null, "vertex_index": 427, "vertex_part": 0, "vertex_part_index": 427, "distance": 11.421997563401479, "angle": 301.21741395326785 }, "geometry": { "type": "Point", "coordinates": [ 10.165768, 50.400944, 12213.0 ] } },
{ "type": "Feature", "properties": { "Name": "PH-NXH", "description": null, "timestamp": null, "begin": "2025-05-24T11:24:59.393Z", "end": "2025-05-24T13:41:05.445Z", "altitudeMode": null, "tessellate": -1, "extrude": 0, "visibility": -1, "drawOrder": null, "icon": null, "vertex_index": 428, "vertex_part": 0, "vertex_part_index": 428, "distance": 11.472002822614879, "angle": 301.1935251379042 }, "geometry": { "type": "Point", "coordinates": [ 10.123011, 50.426874, 12220.0 ] } },
{ "type": "Feature", "properties": { "Name": "PH-NXH", "description": null, "timestamp": null, "begin": "2025-05-24T11:24:59.393Z", "end": "2025-05-24T13:41:05.445Z", "altitudeMode": null, "tessellate": -1, "extrude": 0, "visibility": -1, "drawOrder": null, "icon": null, "vertex_index": 429, "vertex_part": 0, "vertex_part_index": 429, "distance": 11.52307229085179, "angle": 301.10608391079097 }, "geometry": { "type": "Point", "coordinates": [ 10.079306, 50.453293, 12220.0 ] } },
{ "type": "Feature", "properties": { "Name": "PH-NXH", "description": null, "timestamp": null, "begin": "2025-05-24T11:24:59.393Z", "end": "2025-05-24T13:41:05.445Z", "altitudeMode": null, "tessellate": -1, "extrude": 0, "visibility": -1, "drawOrder": null, "icon": null, "vertex_index": 430, "vertex_part": 0, "vertex_part_index": 430, "distance": 11.57471075896423, "angle": 301.06228754720348 }, "geometry": { "type": "Point", "coordinates": [ 10.035071, 50.479935, 12220.0 ] } },
{ "type": "Feature", "properties": { "Name": "PH-NXH", "description": null, "timestamp": null, "begin": "2025-05-24T11:24:59.393Z", "end": "2025-05-24T13:41:05.445Z", "altitudeMode": null, "tessellate": -1, "extrude": 0, "visibility": -1, "drawOrder": null, "icon": null, "vertex_index": 431, "vertex_part": 0, "vertex_part_index": 431, "distance": 11.62560938858233, "angle": 301.04505478173809 }, "geometry": { "type": "Point", "coordinates": [ 9.991472, 50.506199, 12220.0 ] } },
{ "type": "Feature", "properties": { "Name": "PH-NXH", "description": null, "timestamp": null, "begin": "2025-05-24T11:24:59.393Z", "end": "2025-05-24T13:41:05.445Z", "altitudeMode": null, "tessellate": -1, "extrude": 0, "visibility": -1, "drawOrder": null, "icon": null, "vertex_index": 432, "vertex_part": 0, "vertex_part_index": 432, "distance": 11.67678922645819, "angle": 300.98475758534641 }, "geometry": { "type": "Point", "coordinates": [ 9.947614, 50.532578, 12220.0 ] } },
{ "type": "Feature", "properties": { "Name": "PH-NXH", "description": null, "timestamp": null, "begin": "2025-05-24T11:24:59.393Z", "end": "2025-05-24T13:41:05.445Z", "altitudeMode": null, "tessellate": -1, "extrude": 0, "visibility": -1, "drawOrder": null, "icon": null, "vertex_index": 433, "vertex_part": 0, "vertex_part_index": 433, "distance": 11.72735301477552, "angle": 300.93434641300036 }, "geometry": { "type": "Point", "coordinates": [ 9.904247, 50.558578, 12220.0 ] } },
{ "type": "Feature", "properties": { "Name": "PH-NXH", "description": null, "timestamp": null, "begin": "2025-05-24T11:24:59.393Z", "end": "2025-05-24T13:41:05.445Z", "altitudeMode": null, "tessellate": -1, "extrude": 0, "visibility": -1, "drawOrder": null, "icon": null, "vertex_index": 434, "vertex_part": 0, "vertex_part_index": 434, "distance": 11.77874926628281, "angle": 300.90378735547182 }, "geometry": { "type": "Point", "coordinates": [ 9.860157, 50.584991, 12220.0 ] } },
{ "type": "Feature", "properties": { "Name": "PH-NXH", "description": null, "timestamp": null, "begin": "2025-05-24T11:24:59.393Z", "end": "2025-05-24T13:41:05.445Z", "altitudeMode": null, "tessellate": -1, "extrude": 0, "visibility": -1, "drawOrder": null, "icon": null, "vertex_index": 435, "vertex_part": 0, "vertex_part_index": 435, "distance": 11.828399870971969, "angle": 300.86413955246945 }, "geometry": { "type": "Point", "coordinates": [ 9.817546, 50.610476, 12220.0 ] } },
{ "type": "Feature", "properties": { "Name": "PH-NXH", "description": null, "timestamp": null, "begin": "2025-05-24T11:24:59.393Z", "end": "2025-05-24T13:41:05.445Z", "altitudeMode": null, "tessellate": -1, "extrude": 0, "visibility": -1, "drawOrder": null, "icon": null, "vertex_index": 436, "vertex_part": 0, "vertex_part_index": 436, "distance": 11.87915258479104, "angle": 300.80273825352316 }, "geometry": { "type": "Point", "coordinates": [ 9.773972, 50.636498, 12220.0 ] } },
{ "type": "Feature", "properties": { "Name": "PH-NXH", "description": null, "timestamp": null, "begin": "2025-05-24T11:24:59.393Z", "end": "2025-05-24T13:41:05.445Z", "altitudeMode": null, "tessellate": -1, "extrude": 0, "visibility": -1, "drawOrder": null, "icon": null, "vertex_index": 437, "vertex_part": 0, "vertex_part_index": 437, "distance": 11.93003379210769, "angle": 300.77221929294444 }, "geometry": { "type": "Point", "coordinates": [ 9.730249, 50.662521, 12220.0 ] } },
{ "type": "Feature", "properties": { "Name": "PH-NXH", "description": null, "timestamp": null, "begin": "2025-05-24T11:24:59.393Z", "end": "2025-05-24T13:41:05.445Z", "altitudeMode": null, "tessellate": -1, "extrude": 0, "visibility": -1, "drawOrder": null, "icon": null, "vertex_index": 438, "vertex_part": 0, "vertex_part_index": 438, "distance": 11.980060517964979, "angle": 300.73085541706877 }, "geometry": { "type": "Point", "coordinates": [ 9.687271, 50.688125, 12220.0 ] } },
{ "type": "Feature", "properties": { "Name": "PH-NXH", "description": null, "timestamp": null, "begin": "2025-05-24T11:24:59.393Z", "end": "2025-05-24T13:41:05.445Z", "altitudeMode": null, "tessellate": -1, "extrude": 0, "visibility": -1, "drawOrder": null, "icon": null, "vertex_index": 439, "vertex_part": 0, "vertex_part_index": 439, "distance": 12.030036515483779, "angle": 300.68163832233898 }, "geometry": { "type": "Point", "coordinates": [ 9.644289, 50.713623, 12220.0 ] } },
{ "type": "Feature", "properties": { "Name": "PH-NXH", "description": null, "timestamp": null, "begin": "2025-05-24T11:24:59.393Z", "end": "2025-05-24T13:41:05.445Z", "altitudeMode": null, "tessellate": -1, "extrude": 0, "visibility": -1, "drawOrder": null, "icon": null, "vertex_index": 440, "vertex_part": 0, "vertex_part_index": 440, "distance": 12.08044705981729, "angle": 300.66070617796282 }, "geometry": { "type": "Point", "coordinates": [ 9.600937, 50.739349, 12220.0 ] } },
{ "type": "Feature", "properties": { "Name": "PH-NXH", "description": null, "timestamp": null, "begin": "2025-05-24T11:24:59.393Z", "end": "2025-05-24T13:41:05.445Z", "altitudeMode": null, "tessellate": -1, "extrude": 0, "visibility": -1, "drawOrder": null, "icon": null, "vertex_index": 441, "vertex_part": 0, "vertex_part_index": 441, "distance": 12.13102436552845, "angle": 300.60286409430944 }, "geometry": { "type": "Point", "coordinates": [ 9.557419, 50.765122, 12220.0 ] } },
{ "type": "Feature", "properties": { "Name": "PH-NXH", "description": null, "timestamp": null, "begin": "2025-05-24T11:24:59.393Z", "end": "2025-05-24T13:41:05.445Z", "altitudeMode": null, "tessellate": -1, "extrude": 0, "visibility": -1, "drawOrder": null, "icon": null, "vertex_index": 442, "vertex_part": 0, "vertex_part_index": 442, "distance": 12.1816975624278, "angle": 300.55740039560322 }, "geometry": { "type": "Point", "coordinates": [ 9.513789, 50.790894, 12220.0 ] } },
{ "type": "Feature", "properties": { "Name": "PH-NXH", "description": null, "timestamp": null, "begin": "2025-05-24T11:24:59.393Z", "end": "2025-05-24T13:41:05.445Z", "altitudeMode": null, "tessellate": -1, "extrude": 0, "visibility": -1, "drawOrder": null, "icon": null, "vertex_index": 443, "vertex_part": 0, "vertex_part_index": 443, "distance": 12.23220421771202, "angle": 300.52217501892471 }, "geometry": { "type": "Point", "coordinates": [ 9.470291, 50.816562, 12228.0 ] } },
{ "type": "Feature", "properties": { "Name": "PH-NXH", "description": null, "timestamp": null, "begin": "2025-05-24T11:24:59.393Z", "end": "2025-05-24T13:41:05.445Z", "altitudeMode": null, "tessellate": -1, "extrude": 0, "visibility": -1, "drawOrder": null, "icon": null, "vertex_index": 444, "vertex_part": 0, "vertex_part_index": 444, "distance": 12.283294464736279, "angle": 300.47405365635882 }, "geometry": { "type": "Point", "coordinates": [ 9.42627, 50.842492, 12228.0 ] } },
{ "type": "Feature", "properties": { "Name": "PH-NXH", "description": null, "timestamp": null, "begin": "2025-05-24T11:24:59.393Z", "end": "2025-05-24T13:41:05.445Z", "altitudeMode": null, "tessellate": -1, "extrude": 0, "visibility": -1, "drawOrder": null, "icon": null, "vertex_index": 445, "vertex_part": 0, "vertex_part_index": 445, "distance": 12.33409337120089, "angle": 300.44298400284015 }, "geometry": { "type": "Point", "coordinates": [ 9.382477, 50.868235, 12228.0 ] } },
{ "type": "Feature", "properties": { "Name": "PH-NXH", "description": null, "timestamp": null, "begin": "2025-05-24T11:24:59.393Z", "end": "2025-05-24T13:41:05.445Z", "altitudeMode": null, "tessellate": -1, "extrude": 0, "visibility": -1, "drawOrder": null, "icon": null, "vertex_index": 446, "vertex_part": 0, "vertex_part_index": 446, "distance": 12.384267226992529, "angle": 300.38195442930487 }, "geometry": { "type": "Point", "coordinates": [ 9.339218, 50.893653, 12228.0 ] } },
{ "type": "Feature", "properties": { "Name": "PH-NXH", "description": null, "timestamp": null, "begin": "2025-05-24T11:24:59.393Z", "end": "2025-05-24T13:41:05.445Z", "altitudeMode": null, "tessellate": -1, "extrude": 0, "visibility": -1, "drawOrder": null, "icon": null, "vertex_index": 447, "vertex_part": 0, "vertex_part_index": 447, "distance": 12.435621368295839, "angle": 300.31008123186228 }, "geometry": { "type": "Point", "coordinates": [ 9.294891, 50.919583, 12228.0 ] } },
{ "type": "Feature", "properties": { "Name": "PH-NXH", "description": null, "timestamp": null, "begin": "2025-05-24T11:24:59.393Z", "end": "2025-05-24T13:41:05.445Z", "altitudeMode": null, "tessellate": -1, "extrude": 0, "visibility": -1, "drawOrder": null, "icon": null, "vertex_index": 448, "vertex_part": 0, "vertex_part_index": 448, "distance": 12.48532659994201, "angle": 300.30566023107519 }, "geometry": { "type": "Point", "coordinates": [ 9.251973, 50.944656, 12228.0 ] } },
{ "type": "Feature", "properties": { "Name": "PH-NXH", "description": null, "timestamp": null, "begin": "2025-05-24T11:24:59.393Z", "end": "2025-05-24T13:41:05.445Z", "altitudeMode": null, "tessellate": -1, "extrude": 0, "visibility": -1, "drawOrder": null, "icon": null, "vertex_index": 449, "vertex_part": 0, "vertex_part_index": 449, "distance": 12.535202589696601, "angle": 300.26979811851595 }, "geometry": { "type": "Point", "coordinates": [ 9.208918, 50.969833, 12228.0 ] } },
{ "type": "Feature", "properties": { "Name": "PH-NXH", "description": null, "timestamp": null, "begin": "2025-05-24T11:24:59.393Z", "end": "2025-05-24T13:41:05.445Z", "altitudeMode": null, "tessellate": -1, "extrude": 0, "visibility": -1, "drawOrder": null, "icon": null, "vertex_index": 450, "vertex_part": 0, "vertex_part_index": 450, "distance": 12.58485764857282, "angle": 300.1934286397393 }, "geometry": { "type": "Point", "coordinates": [ 9.166012, 50.994827, 12228.0 ] } },
{ "type": "Feature", "properties": { "Name": "PH-NXH", "description": null, "timestamp": null, "begin": "2025-05-24T11:24:59.393Z", "end": "2025-05-24T13:41:05.445Z", "altitudeMode": null, "tessellate": -1, "extrude": 0, "visibility": -1, "drawOrder": null, "icon": null, "vertex_index": 451, "vertex_part": 0, "vertex_part_index": 451, "distance": 12.63522293313471, "angle": 300.13899160178556 }, "geometry": { "type": "Point", "coordinates": [ 9.122467, 51.020135, 12228.0 ] } },
{ "type": "Feature", "properties": { "Name": "PH-NXH", "description": null, "timestamp": null, "begin": "2025-05-24T11:24:59.393Z", "end": "2025-05-24T13:41:05.445Z", "altitudeMode": null, "tessellate": -1, "extrude": 0, "visibility": -1, "drawOrder": null, "icon": null, "vertex_index": 452, "vertex_part": 0, "vertex_part_index": 452, "distance": 12.685142239510091, "angle": 300.11338565360893 }, "geometry": { "type": "Point", "coordinates": [ 9.079285, 51.04518, 12228.0 ] } },
{ "type": "Feature", "properties": { "Name": "PH-NXH", "description": null, "timestamp": null, "begin": "2025-05-24T11:24:59.393Z", "end": "2025-05-24T13:41:05.445Z", "altitudeMode": null, "tessellate": -1, "extrude": 0, "visibility": -1, "drawOrder": null, "icon": null, "vertex_index": 453, "vertex_part": 0, "vertex_part_index": 453, "distance": 12.735062912632561, "angle": 300.12434428313094 }, "geometry": { "type": "Point", "coordinates": [ 9.036102, 51.070226, 12228.0 ] } },
{ "type": "Feature", "properties": { "Name": "PH-NXH", "description": null, "timestamp": null, "begin": "2025-05-24T11:24:59.393Z", "end": "2025-05-24T13:41:05.445Z", "altitudeMode": null, "tessellate": -1, "extrude": 0, "visibility": -1, "drawOrder": null, "icon": null, "vertex_index": 454, "vertex_part": 0, "vertex_part_index": 454, "distance": 12.785875540246179, "angle": 300.05374507119853 }, "geometry": { "type": "Point", "coordinates": [ 8.992157, 51.095736, 12228.0 ] } },
{ "type": "Feature", "properties": { "Name": "PH-NXH", "description": null, "timestamp": null, "begin": "2025-05-24T11:24:59.393Z", "end": "2025-05-24T13:41:05.445Z", "altitudeMode": null, "tessellate": -1, "extrude": 0, "visibility": -1, "drawOrder": null, "icon": null, "vertex_index": 455, "vertex_part": 0, "vertex_part_index": 455, "distance": 12.835228730062029, "angle": 299.95605511308412 }, "geometry": { "type": "Point", "coordinates": [ 8.949404, 51.120392, 12228.0 ] } },
{ "type": "Feature", "properties": { "Name": "PH-NXH", "description": null, "timestamp": null, "begin": "2025-05-24T11:24:59.393Z", "end": "2025-05-24T13:41:05.445Z", "altitudeMode": null, "tessellate": -1, "extrude": 0, "visibility": -1, "drawOrder": null, "icon": null, "vertex_index": 456, "vertex_part": 0, "vertex_part_index": 456, "distance": 12.88585702460175, "angle": 299.94081241341411 }, "geometry": { "type": "Point", "coordinates": [ 8.905532, 51.14566, 12228.0 ] } },
{ "type": "Feature", "properties": { "Name": "PH-NXH", "description": null, "timestamp": null, "begin": "2025-05-24T11:24:59.393Z", "end": "2025-05-24T13:41:05.445Z", "altitudeMode": null, "tessellate": -1, "extrude": 0, "visibility": -1, "drawOrder": null, "icon": null, "vertex_index": 457, "vertex_part": 0, "vertex_part_index": 457, "distance": 12.93519969815112, "angle": 299.94375899776878 }, "geometry": { "type": "Point", "coordinates": [ 8.862775, 51.170288, 12235.0 ] } },
{ "type": "Feature", "properties": { "Name": "PH-NXH", "description": null, "timestamp": null, "begin": "2025-05-24T11:24:59.393Z", "end": "2025-05-24T13:41:05.445Z", "altitudeMode": null, "tessellate": -1, "extrude": 0, "visibility": -1, "drawOrder": null, "icon": null, "vertex_index": 458, "vertex_part": 0, "vertex_part_index": 458, "distance": 12.98504968793045, "angle": 299.89569659477741 }, "geometry": { "type": "Point", "coordinates": [ 8.81958, 51.195172, 12235.0 ] } },
{ "type": "Feature", "properties": { "Name": "PH-NXH", "description": null, "timestamp": null, "begin": "2025-05-24T11:24:59.393Z", "end": "2025-05-24T13:41:05.445Z", "altitudeMode": null, "tessellate": -1, "extrude": 0, "visibility": -1, "drawOrder": null, "icon": null, "vertex_index": 459, "vertex_part": 0, "vertex_part_index": 459, "distance": 13.03512531670334, "angle": 299.80827410057344 }, "geometry": { "type": "Point", "coordinates": [ 8.776146, 51.220093, 12235.0 ] } },
{ "type": "Feature", "properties": { "Name": "PH-NXH", "description": null, "timestamp": null, "begin": "2025-05-24T11:24:59.393Z", "end": "2025-05-24T13:41:05.445Z", "altitudeMode": null, "tessellate": -1, "extrude": 0, "visibility": -1, "drawOrder": null, "icon": null, "vertex_index": 460, "vertex_part": 0, "vertex_part_index": 460, "distance": 13.085923747436979, "angle": 299.76708543540587 }, "geometry": { "type": "Point", "coordinates": [ 8.732052, 51.245316, 12235.0 ] } },
{ "type": "Feature", "properties": { "Name": "PH-NXH", "description": null, "timestamp": null, "begin": "2025-05-24T11:24:59.393Z", "end": "2025-05-24T13:41:05.445Z", "altitudeMode": null, "tessellate": -1, "extrude": 0, "visibility": -1, "drawOrder": null, "icon": null, "vertex_index": 461, "vertex_part": 0, "vertex_part_index": 461, "distance": 13.13617356998393, "angle": 299.74926190895286 }, "geometry": { "type": "Point", "coordinates": [ 8.688431, 51.270261, 12235.0 ] } },
{ "type": "Feature", "properties": { "Name": "PH-NXH", "description": null, "timestamp": null, "begin": "2025-05-24T11:24:59.393Z", "end": "2025-05-24T13:41:05.445Z", "altitudeMode": null, "tessellate": -1, "extrude": 0, "visibility": -1, "drawOrder": null, "icon": null, "vertex_index": 462, "vertex_part": 0, "vertex_part_index": 462, "distance": 13.18638618021283, "angle": 299.9094779467884 }, "geometry": { "type": "Point", "coordinates": [ 8.64483, 51.295166, 12235.0 ] } },
{ "type": "Feature", "properties": { "Name": "PH-NXH", "description": null, "timestamp": null, "begin": "2025-05-24T11:24:59.393Z", "end": "2025-05-24T13:41:05.445Z", "altitudeMode": null, "tessellate": -1, "extrude": 0, "visibility": -1, "drawOrder": null, "icon": null, "vertex_index": 463, "vertex_part": 0, "vertex_part_index": 463, "distance": 13.21341171321405, "angle": 301.61819868239928 }, "geometry": { "type": "Point", "coordinates": [ 8.621445, 51.308713, 12235.0 ] } },
{ "type": "Feature", "properties": { "Name": "PH-NXH", "description": null, "timestamp": null, "begin": "2025-05-24T11:24:59.393Z", "end": "2025-05-24T13:41:05.445Z", "altitudeMode": null, "tessellate": -1, "extrude": 0, "visibility": -1, "drawOrder": null, "icon": null, "vertex_index": 464, "vertex_part": 0, "vertex_part_index": 464, "distance": 13.228903507299959, "angle": 304.40639989913035 }, "geometry": { "type": "Point", "coordinates": [ 8.608475, 51.317185, 12235.0 ] } },
{ "type": "Feature", "properties": { "Name": "PH-NXH", "description": null, "timestamp": null, "begin": "2025-05-24T11:24:59.393Z", "end": "2025-05-24T13:41:05.445Z", "altitudeMode": null, "tessellate": -1, "extrude": 0, "visibility": -1, "drawOrder": null, "icon": null, "vertex_index": 465, "vertex_part": 0, "vertex_part_index": 465, "distance": 13.24064152323111, "angle": 307.25846475933935 }, "geometry": { "type": "Point", "coordinates": [ 8.598938, 51.324028, 12235.0 ] } },
{ "type": "Feature", "properties": { "Name": "PH-NXH", "description": null, "timestamp": null, "begin": "2025-05-24T11:24:59.393Z", "end": "2025-05-24T13:41:05.445Z", "altitudeMode": null, "tessellate": -1, "extrude": 0, "visibility": -1, "drawOrder": null, "icon": null, "vertex_index": 466, "vertex_part": 0, "vertex_part_index": 466, "distance": 13.256730795340189, "angle": 309.81457342540506 }, "geometry": { "type": "Point", "coordinates": [ 8.586409, 51.334122, 12236.0 ] } },
{ "type": "Feature", "properties": { "Name": "PH-NXH", "description": null, "timestamp": null, "begin": "2025-05-24T11:24:59.393Z", "end": "2025-05-24T13:41:05.445Z", "altitudeMode": null, "tessellate": -1, "extrude": 0, "visibility": -1, "drawOrder": null, "icon": null, "vertex_index": 467, "vertex_part": 0, "vertex_part_index": 467, "distance": 13.28461505235019, "angle": 311.06330780415061 }, "geometry": { "type": "Point", "coordinates": [ 8.565292, 51.352332, 12236.0 ] } },
{ "type": "Feature", "properties": { "Name": "PH-NXH", "description": null, "timestamp": null, "begin": "2025-05-24T11:24:59.393Z", "end": "2025-05-24T13:41:05.445Z", "altitudeMode": null, "tessellate": -1, "extrude": 0, "visibility": -1, "drawOrder": null, "icon": null, "vertex_index": 468, "vertex_part": 0, "vertex_part_index": 468, "distance": 13.329661947526221, "angle": 311.34236178733971 }, "geometry": { "type": "Point", "coordinates": [ 8.531478, 51.382095, 12236.0 ] } },
{ "type": "Feature", "properties": { "Name": "PH-NXH", "description": null, "timestamp": null, "begin": "2025-05-24T11:24:59.393Z", "end": "2025-05-24T13:41:05.445Z", "altitudeMode": null, "tessellate": -1, "extrude": 0, "visibility": -1, "drawOrder": null, "icon": null, "vertex_index": 469, "vertex_part": 0, "vertex_part_index": 469, "distance": 13.374751124642239, "angle": 311.38159582872214 }, "geometry": { "type": "Point", "coordinates": [ 8.49762, 51.411872, 12244.0 ] } },
{ "type": "Feature", "properties": { "Name": "PH-NXH", "description": null, "timestamp": null, "begin": "2025-05-24T11:24:59.393Z", "end": "2025-05-24T13:41:05.445Z", "altitudeMode": null, "tessellate": -1, "extrude": 0, "visibility": -1, "drawOrder": null, "icon": null, "vertex_index": 470, "vertex_part": 0, "vertex_part_index": 470, "distance": 13.41988977619498, "angle": 311.35565519475273 }, "geometry": { "type": "Point", "coordinates": [ 8.463778, 51.441742, 12236.0 ] } },
{ "type": "Feature", "properties": { "Name": "PH-NXH", "description": null, "timestamp": null, "begin": "2025-05-24T11:24:59.393Z", "end": "2025-05-24T13:41:05.445Z", "altitudeMode": null, "tessellate": -1, "extrude": 0, "visibility": -1, "drawOrder": null, "icon": null, "vertex_index": 471, "vertex_part": 0, "vertex_part_index": 471, "distance": 13.45597314790551, "angle": 311.15707418862013 }, "geometry": { "type": "Point", "coordinates": [ 8.436661, 51.465547, 12198.0 ] } },
{ "type": "Feature", "properties": { "Name": "PH-NXH", "description": null, "timestamp": null, "begin": "2025-05-24T11:24:59.393Z", "end": "2025-05-24T13:41:05.445Z", "altitudeMode": null, "tessellate": -1, "extrude": 0, "visibility": -1, "drawOrder": null, "icon": null, "vertex_index": 472, "vertex_part": 0, "vertex_part_index": 472, "distance": 13.483484624565261, "angle": 310.79799653291798 }, "geometry": { "type": "Point", "coordinates": [ 8.415909, 51.483609, 12145.0 ] } },
{ "type": "Feature", "properties": { "Name": "PH-NXH", "description": null, "timestamp": null, "begin": "2025-05-24T11:24:59.393Z", "end": "2025-05-24T13:41:05.445Z", "altitudeMode": null, "tessellate": -1, "extrude": 0, "visibility": -1, "drawOrder": null, "icon": null, "vertex_index": 473, "vertex_part": 0, "vertex_part_index": 473, "distance": 13.51290864544956, "angle": 310.38345618929827 }, "geometry": { "type": "Point", "coordinates": [ 8.393555, 51.502742, 12046.0 ] } },
{ "type": "Feature", "properties": { "Name": "PH-NXH", "description": null, "timestamp": null, "begin": "2025-05-24T11:24:59.393Z", "end": "2025-05-24T13:41:05.445Z", "altitudeMode": null, "tessellate": -1, "extrude": 0, "visibility": -1, "drawOrder": null, "icon": null, "vertex_index": 474, "vertex_part": 0, "vertex_part_index": 474, "distance": 13.542651060028749, "angle": 310.13377597919407 }, "geometry": { "type": "Point", "coordinates": [ 8.37084, 51.521942, 11947.0 ] } },
{ "type": "Feature", "properties": { "Name": "PH-NXH", "description": null, "timestamp": null, "begin": "2025-05-24T11:24:59.393Z", "end": "2025-05-24T13:41:05.445Z", "altitudeMode": null, "tessellate": -1, "extrude": 0, "visibility": -1, "drawOrder": null, "icon": null, "vertex_index": 475, "vertex_part": 0, "vertex_part_index": 475, "distance": 13.573590839746769, "angle": 310.08515552397535 }, "geometry": { "type": "Point", "coordinates": [ 8.34716, 51.541855, 11848.0 ] } },
{ "type": "Feature", "properties": { "Name": "PH-NXH", "description": null, "timestamp": null, "begin": "2025-05-24T11:24:59.393Z", "end": "2025-05-24T13:41:05.445Z", "altitudeMode": null, "tessellate": -1, "extrude": 0, "visibility": -1, "drawOrder": null, "icon": null, "vertex_index": 476, "vertex_part": 0, "vertex_part_index": 476, "distance": 13.60329069127839, "angle": 310.11009109951942 }, "geometry": { "type": "Point", "coordinates": [ 8.324445, 51.560989, 11750.0 ] } },
{ "type": "Feature", "properties": { "Name": "PH-NXH", "description": null, "timestamp": null, "begin": "2025-05-24T11:24:59.393Z", "end": "2025-05-24T13:41:05.445Z", "altitudeMode": null, "tessellate": -1, "extrude": 0, "visibility": -1, "drawOrder": null, "icon": null, "vertex_index": 477, "vertex_part": 0, "vertex_part_index": 477, "distance": 13.63333394784288, "angle": 310.26522824103597 }, "geometry": { "type": "Point", "coordinates": [ 8.301468, 51.580345, 11651.0 ] } },
{ "type": "Feature", "properties": { "Name": "PH-NXH", "description": null, "timestamp": null, "begin": "2025-05-24T11:24:59.393Z", "end": "2025-05-24T13:41:05.445Z", "altitudeMode": null, "tessellate": -1, "extrude": 0, "visibility": -1, "drawOrder": null, "icon": null, "vertex_index": 478, "vertex_part": 0, "vertex_part_index": 478, "distance": 13.66169395180974, "angle": 310.55030481779818 }, "geometry": { "type": "Point", "coordinates": [ 8.279877, 51.598733, 11552.0 ] } },
{ "type": "Feature", "properties": { "Name": "PH-NXH", "description": null, "timestamp": null, "begin": "2025-05-24T11:24:59.393Z", "end": "2025-05-24T13:41:05.445Z", "altitudeMode": null, "tessellate": -1, "extrude": 0, "visibility": -1, "drawOrder": null, "icon": null, "vertex_index": 479, "vertex_part": 0, "vertex_part_index": 479, "distance": 13.69023888232288, "angle": 310.4966699990419 }, "geometry": { "type": "Point", "coordinates": [ 8.25823, 51.61734, 11453.0 ] } },
{ "type": "Feature", "properties": { "Name": "PH-NXH", "description": null, "timestamp": null, "begin": "2025-05-24T11:24:59.393Z", "end": "2025-05-24T13:41:05.445Z", "altitudeMode": null, "tessellate": -1, "extrude": 0, "visibility": -1, "drawOrder": null, "icon": null, "vertex_index": 480, "vertex_part": 0, "vertex_part_index": 480, "distance": 13.72002782673183, "angle": 310.32861627103028 }, "geometry": { "type": "Point", "coordinates": [ 8.235515, 51.636612, 11354.0 ] } },
{ "type": "Feature", "properties": { "Name": "PH-NXH", "description": null, "timestamp": null, "begin": "2025-05-24T11:24:59.393Z", "end": "2025-05-24T13:41:05.445Z", "altitudeMode": null, "tessellate": -1, "extrude": 0, "visibility": -1, "drawOrder": null, "icon": null, "vertex_index": 481, "vertex_part": 0, "vertex_part_index": 481, "distance": 13.74831063486681, "angle": 310.30377304506624 }, "geometry": { "type": "Point", "coordinates": [ 8.213959, 51.654922, 11254.0 ] } },
{ "type": "Feature", "properties": { "Name": "PH-NXH", "description": null, "timestamp": null, "begin": "2025-05-24T11:24:59.393Z", "end": "2025-05-24T13:41:05.445Z", "altitudeMode": null, "tessellate": -1, "extrude": 0, "visibility": -1, "drawOrder": null, "icon": null, "vertex_index": 482, "vertex_part": 0, "vertex_part_index": 482, "distance": 13.77551050209075, "angle": 310.28648704174213 }, "geometry": { "type": "Point", "coordinates": [ 8.193203, 51.672501, 11155.0 ] } },
{ "type": "Feature", "properties": { "Name": "PH-NXH", "description": null, "timestamp": null, "begin": "2025-05-24T11:24:59.393Z", "end": "2025-05-24T13:41:05.445Z", "altitudeMode": null, "tessellate": -1, "extrude": 0, "visibility": -1, "drawOrder": null, "icon": null, "vertex_index": 483, "vertex_part": 0, "vertex_part_index": 483, "distance": 13.804320431021591, "angle": 310.62337188029488 }, "geometry": { "type": "Point", "coordinates": [ 8.171234, 51.691139, 11056.0 ] } },
{ "type": "Feature", "properties": { "Name": "PH-NXH", "description": null, "timestamp": null, "begin": "2025-05-24T11:24:59.393Z", "end": "2025-05-24T13:41:05.445Z", "altitudeMode": null, "tessellate": -1, "extrude": 0, "visibility": -1, "drawOrder": null, "icon": null, "vertex_index": 484, "vertex_part": 0, "vertex_part_index": 484, "distance": 13.83259801627918, "angle": 311.0999347121051 }, "geometry": { "type": "Point", "coordinates": [ 8.149872, 51.709667, 10957.0 ] } },
{ "type": "Feature", "properties": { "Name": "PH-NXH", "description": null, "timestamp": null, "begin": "2025-05-24T11:24:59.393Z", "end": "2025-05-24T13:41:05.445Z", "altitudeMode": null, "tessellate": -1, "extrude": 0, "visibility": -1, "drawOrder": null, "icon": null, "vertex_index": 485, "vertex_part": 0, "vertex_part_index": 485, "distance": 13.86040894918334, "angle": 311.25287889578766 }, "geometry": { "type": "Point", "coordinates": [ 8.128967, 51.728009, 10851.0 ] } },
{ "type": "Feature", "properties": { "Name": "PH-NXH", "description": null, "timestamp": null, "begin": "2025-05-24T11:24:59.393Z", "end": "2025-05-24T13:41:05.445Z", "altitudeMode": null, "tessellate": -1, "extrude": 0, "visibility": -1, "drawOrder": null, "icon": null, "vertex_index": 486, "vertex_part": 0, "vertex_part_index": 486, "distance": 13.888513939363021, "angle": 311.31927800910518 }, "geometry": { "type": "Point", "coordinates": [ 8.107834, 51.746537, 10753.0 ] } },
{ "type": "Feature", "properties": { "Name": "PH-NXH", "description": null, "timestamp": null, "begin": "2025-05-24T11:24:59.393Z", "end": "2025-05-24T13:41:05.445Z", "altitudeMode": null, "tessellate": -1, "extrude": 0, "visibility": -1, "drawOrder": null, "icon": null, "vertex_index": 487, "vertex_part": 0, "vertex_part_index": 487, "distance": 13.91701082454369, "angle": 311.50373780978089 }, "geometry": { "type": "Point", "coordinates": [ 8.086457, 51.765381, 10661.0 ] } },
{ "type": "Feature", "properties": { "Name": "PH-NXH", "description": null, "timestamp": null, "begin": "2025-05-24T11:24:59.393Z", "end": "2025-05-24T13:41:05.445Z", "altitudeMode": null, "tessellate": -1, "extrude": 0, "visibility": -1, "drawOrder": null, "icon": null, "vertex_index": 488, "vertex_part": 0, "vertex_part_index": 488, "distance": 13.94576681897963, "angle": 311.71909443855378 }, "geometry": { "type": "Point", "coordinates": [ 8.064957, 51.784477, 10554.0 ] } },
{ "type": "Feature", "properties": { "Name": "PH-NXH", "description": null, "timestamp": null, "begin": "2025-05-24T11:24:59.393Z", "end": "2025-05-24T13:41:05.445Z", "altitudeMode": null, "tessellate": -1, "extrude": 0, "visibility": -1, "drawOrder": null, "icon": null, "vertex_index": 489, "vertex_part": 0, "vertex_part_index": 489, "distance": 13.972799937926579, "angle": 311.91565794549422 }, "geometry": { "type": "Point", "coordinates": [ 8.044813, 51.802505, 10455.0 ] } },
{ "type": "Feature", "properties": { "Name": "PH-NXH", "description": null, "timestamp": null, "begin": "2025-05-24T11:24:59.393Z", "end": "2025-05-24T13:41:05.445Z", "altitudeMode": null, "tessellate": -1, "extrude": 0, "visibility": -1, "drawOrder": null, "icon": null, "vertex_index": 490, "vertex_part": 0, "vertex_part_index": 490, "distance": 14.00144225879972, "angle": 311.7684667479993 }, "geometry": { "type": "Point", "coordinates": [ 8.023529, 51.821672, 10356.0 ] } },
{ "type": "Feature", "properties": { "Name": "PH-NXH", "description": null, "timestamp": null, "begin": "2025-05-24T11:24:59.393Z", "end": "2025-05-24T13:41:05.445Z", "altitudeMode": null, "tessellate": -1, "extrude": 0, "visibility": -1, "drawOrder": null, "icon": null, "vertex_index": 491, "vertex_part": 0, "vertex_part_index": 491, "distance": 14.02963175835186, "angle": 311.36811095653661 }, "geometry": { "type": "Point", "coordinates": [ 8.002427, 51.840363, 10257.0 ] } },
{ "type": "Feature", "properties": { "Name": "PH-NXH", "description": null, "timestamp": null, "begin": "2025-05-24T11:24:59.393Z", "end": "2025-05-24T13:41:05.445Z", "altitudeMode": null, "tessellate": -1, "extrude": 0, "visibility": -1, "drawOrder": null, "icon": null, "vertex_index": 492, "vertex_part": 0, "vertex_part_index": 492, "distance": 14.05854020606183, "angle": 311.18564203964223 }, "geometry": { "type": "Point", "coordinates": [ 7.980677, 51.859406, 10158.0 ] } },
{ "type": "Feature", "properties": { "Name": "PH-NXH", "description": null, "timestamp": null, "begin": "2025-05-24T11:24:59.393Z", "end": "2025-05-24T13:41:05.445Z", "altitudeMode": null, "tessellate": -1, "extrude": 0, "visibility": -1, "drawOrder": null, "icon": null, "vertex_index": 493, "vertex_part": 0, "vertex_part_index": 493, "distance": 14.086841794798151, "angle": 311.22424351810224 }, "geometry": { "type": "Point", "coordinates": [ 7.959372, 51.878036, 10059.0 ] } },
{ "type": "Feature", "properties": { "Name": "PH-NXH", "description": null, "timestamp": null, "begin": "2025-05-24T11:24:59.393Z", "end": "2025-05-24T13:41:05.445Z", "altitudeMode": null, "tessellate": -1, "extrude": 0, "visibility": -1, "drawOrder": null, "icon": null, "vertex_index": 494, "vertex_part": 0, "vertex_part_index": 494, "distance": 14.115575494490329, "angle": 311.15566625666855 }, "geometry": { "type": "Point", "coordinates": [ 7.937779, 51.896993, 9960.0 ] } },
{ "type": "Feature", "properties": { "Name": "PH-NXH", "description": null, "timestamp": null, "begin": "2025-05-24T11:24:59.393Z", "end": "2025-05-24T13:41:05.445Z", "altitudeMode": null, "tessellate": -1, "extrude": 0, "visibility": -1, "drawOrder": null, "icon": null, "vertex_index": 495, "vertex_part": 0, "vertex_part_index": 495, "distance": 14.14387107099974, "angle": 311.19504191917491 }, "geometry": { "type": "Point", "coordinates": [ 7.916434, 51.915568, 9861.0 ] } },
{ "type": "Feature", "properties": { "Name": "PH-NXH", "description": null, "timestamp": null, "begin": "2025-05-24T11:24:59.393Z", "end": "2025-05-24T13:41:05.445Z", "altitudeMode": null, "tessellate": -1, "extrude": 0, "visibility": -1, "drawOrder": null, "icon": null, "vertex_index": 496, "vertex_part": 0, "vertex_part_index": 496, "distance": 14.17124325750356, "angle": 311.47800724193473 }, "geometry": { "type": "Point", "coordinates": [ 7.895889, 51.933655, 9770.0 ] } },
{ "type": "Feature", "properties": { "Name": "PH-NXH", "description": null, "timestamp": null, "begin": "2025-05-24T11:24:59.393Z", "end": "2025-05-24T13:41:05.445Z", "altitudeMode": null, "tessellate": -1, "extrude": 0, "visibility": -1, "drawOrder": null, "icon": null, "vertex_index": 497, "vertex_part": 0, "vertex_part_index": 497, "distance": 14.19868638943124, "angle": 311.66933743067659 }, "geometry": { "type": "Point", "coordinates": [ 7.875366, 51.951874, 9671.0 ] } },
{ "type": "Feature", "properties": { "Name": "PH-NXH", "description": null, "timestamp": null, "begin": "2025-05-24T11:24:59.393Z", "end": "2025-05-24T13:41:05.445Z", "altitudeMode": null, "tessellate": -1, "extrude": 0, "visibility": -1, "drawOrder": null, "icon": null, "vertex_index": 498, "vertex_part": 0, "vertex_part_index": 498, "distance": 14.22639531090069, "angle": 311.7598211771184 }, "geometry": { "type": "Point", "coordinates": [ 7.854691, 51.970322, 9571.0 ] } },
{ "type": "Feature", "properties": { "Name": "PH-NXH", "description": null, "timestamp": null, "begin": "2025-05-24T11:24:59.393Z", "end": "2025-05-24T13:41:05.445Z", "altitudeMode": null, "tessellate": -1, "extrude": 0, "visibility": -1, "drawOrder": null, "icon": null, "vertex_index": 499, "vertex_part": 0, "vertex_part_index": 499, "distance": 14.252723634755419, "angle": 311.85636368622517 }, "geometry": { "type": "Point", "coordinates": [ 7.835057, 51.987863, 9473.0 ] } },
{ "type": "Feature", "properties": { "Name": "PH-NXH", "description": null, "timestamp": null, "begin": "2025-05-24T11:24:59.393Z", "end": "2025-05-24T13:41:05.445Z", "altitudeMode": null, "tessellate": -1, "extrude": 0, "visibility": -1, "drawOrder": null, "icon": null, "vertex_index": 500, "vertex_part": 0, "vertex_part_index": 500, "distance": 14.27832782445164, "angle": 311.86775750490438 }, "geometry": { "type": "Point", "coordinates": [ 7.81601, 52.004974, 9374.0 ] } },
{ "type": "Feature", "properties": { "Name": "PH-NXH", "description": null, "timestamp": null, "begin": "2025-05-24T11:24:59.393Z", "end": "2025-05-24T13:41:05.445Z", "altitudeMode": null, "tessellate": -1, "extrude": 0, "visibility": -1, "drawOrder": null, "icon": null, "vertex_index": 501, "vertex_part": 0, "vertex_part_index": 501, "distance": 14.304425392345991, "angle": 312.15479829788467 }, "geometry": { "type": "Point", "coordinates": [ 7.796555, 52.022369, 9275.0 ] } },
{ "type": "Feature", "properties": { "Name": "PH-NXH", "description": null, "timestamp": null, "begin": "2025-05-24T11:24:59.393Z", "end": "2025-05-24T13:41:05.445Z", "altitudeMode": null, "tessellate": -1, "extrude": 0, "visibility": -1, "drawOrder": null, "icon": null, "vertex_index": 502, "vertex_part": 0, "vertex_part_index": 502, "distance": 14.33050762585848, "angle": 312.63883682587453 }, "geometry": { "type": "Point", "coordinates": [ 7.777328, 52.039993, 9176.0 ] } },
{ "type": "Feature", "properties": { "Name": "PH-NXH", "description": null, "timestamp": null, "begin": "2025-05-24T11:24:59.393Z", "end": "2025-05-24T13:41:05.445Z", "altitudeMode": null, "tessellate": -1, "extrude": 0, "visibility": -1, "drawOrder": null, "icon": null, "vertex_index": 503, "vertex_part": 0, "vertex_part_index": 503, "distance": 14.355132202403061, "angle": 312.62236361110428 }, "geometry": { "type": "Point", "coordinates": [ 7.759251, 52.056714, 9077.0 ] } },
{ "type": "Feature", "properties": { "Name": "PH-NXH", "description": null, "timestamp": null, "begin": "2025-05-24T11:24:59.393Z", "end": "2025-05-24T13:41:05.445Z", "altitudeMode": null, "tessellate": -1, "extrude": 0, "visibility": -1, "drawOrder": null, "icon": null, "vertex_index": 504, "vertex_part": 0, "vertex_part_index": 504, "distance": 14.37965370066479, "angle": 312.37037305567054 }, "geometry": { "type": "Point", "coordinates": [ 7.741165, 52.073273, 8978.0 ] } },
{ "type": "Feature", "properties": { "Name": "PH-NXH", "description": null, "timestamp": null, "begin": "2025-05-24T11:24:59.393Z", "end": "2025-05-24T13:41:05.445Z", "altitudeMode": null, "tessellate": -1, "extrude": 0, "visibility": -1, "drawOrder": null, "icon": null, "vertex_index": 505, "vertex_part": 0, "vertex_part_index": 505, "distance": 14.404292629152041, "angle": 312.26457892861225 }, "geometry": { "type": "Point", "coordinates": [ 7.722931, 52.089844, 8879.0 ] } },
{ "type": "Feature", "properties": { "Name": "PH-NXH", "description": null, "timestamp": null, "begin": "2025-05-24T11:24:59.393Z", "end": "2025-05-24T13:41:05.445Z", "altitudeMode": null, "tessellate": -1, "extrude": 0, "visibility": -1, "drawOrder": null, "icon": null, "vertex_index": 506, "vertex_part": 0, "vertex_part_index": 506, "distance": 14.428726257883771, "angle": 312.34758185931008 }, "geometry": { "type": "Point", "coordinates": [ 7.704849, 52.106277, 8780.0 ] } },
{ "type": "Feature", "properties": { "Name": "PH-NXH", "description": null, "timestamp": null, "begin": "2025-05-24T11:24:59.393Z", "end": "2025-05-24T13:41:05.445Z", "altitudeMode": null, "tessellate": -1, "extrude": 0, "visibility": -1, "drawOrder": null, "icon": null, "vertex_index": 507, "vertex_part": 0, "vertex_part_index": 507, "distance": 14.45262150119704, "angle": 312.35525108105873 }, "geometry": { "type": "Point", "coordinates": [ 7.687212, 52.122399, 8673.0 ] } },
{ "type": "Feature", "properties": { "Name": "PH-NXH", "description": null, "timestamp": null, "begin": "2025-05-24T11:24:59.393Z", "end": "2025-05-24T13:41:05.445Z", "altitudeMode": null, "tessellate": -1, "extrude": 0, "visibility": -1, "drawOrder": null, "icon": null, "vertex_index": 508, "vertex_part": 0, "vertex_part_index": 508, "distance": 14.4769096979189, "angle": 310.9158438601508 }, "geometry": { "type": "Point", "coordinates": [ 7.669242, 52.138739, 8574.0 ] } },
{ "type": "Feature", "properties": { "Name": "PH-NXH", "description": null, "timestamp": null, "begin": "2025-05-24T11:24:59.393Z", "end": "2025-05-24T13:41:05.445Z", "altitudeMode": null, "tessellate": -1, "extrude": 0, "visibility": -1, "drawOrder": null, "icon": null, "vertex_index": 509, "vertex_part": 0, "vertex_part_index": 509, "distance": 14.49248195225152, "angle": 308.63048586540475 }, "geometry": { "type": "Point", "coordinates": [ 7.657235, 52.148655, 8521.0 ] } },
{ "type": "Feature", "properties": { "Name": "PH-NXH", "description": null, "timestamp": null, "begin": "2025-05-24T11:24:59.393Z", "end": "2025-05-24T13:41:05.445Z", "altitudeMode": null, "tessellate": -1, "extrude": 0, "visibility": -1, "drawOrder": null, "icon": null, "vertex_index": 510, "vertex_part": 0, "vertex_part_index": 510, "distance": 14.518993597466411, "angle": 307.55219046711187 }, "geometry": { "type": "Point", "coordinates": [ 7.636261, 52.164871, 8414.0 ] } },
{ "type": "Feature", "properties": { "Name": "PH-NXH", "description": null, "timestamp": null, "begin": "2025-05-24T11:24:59.393Z", "end": "2025-05-24T13:41:05.445Z", "altitudeMode": null, "tessellate": -1, "extrude": 0, "visibility": -1, "drawOrder": null, "icon": null, "vertex_index": 511, "vertex_part": 0, "vertex_part_index": 511, "distance": 14.543956246043839, "angle": 307.06749099818882 }, "geometry": { "type": "Point", "coordinates": [ 7.616429, 52.180031, 8315.0 ] } },
{ "type": "Feature", "properties": { "Name": "PH-NXH", "description": null, "timestamp": null, "begin": "2025-05-24T11:24:59.393Z", "end": "2025-05-24T13:41:05.445Z", "altitudeMode": null, "tessellate": -1, "extrude": 0, "visibility": -1, "drawOrder": null, "icon": null, "vertex_index": 512, "vertex_part": 0, "vertex_part_index": 512, "distance": 14.56414569799281, "angle": 304.64588376756495 }, "geometry": { "type": "Point", "coordinates": [ 7.60025, 52.192108, 8239.0 ] } },
{ "type": "Feature", "properties": { "Name": "PH-NXH", "description": null, "timestamp": null, "begin": "2025-05-24T11:24:59.393Z", "end": "2025-05-24T13:41:05.445Z", "altitudeMode": null, "tessellate": -1, "extrude": 0, "visibility": -1, "drawOrder": null, "icon": null, "vertex_index": 513, "vertex_part": 0, "vertex_part_index": 513, "distance": 14.573626008219801, "angle": 301.06749031196603 }, "geometry": { "type": "Point", "coordinates": [ 7.592259, 52.197209, 8208.0 ] } },
{ "type": "Feature", "properties": { "Name": "PH-NXH", "description": null, "timestamp": null, "begin": "2025-05-24T11:24:59.393Z", "end": "2025-05-24T13:41:05.445Z", "altitudeMode": null, "tessellate": -1, "extrude": 0, "visibility": -1, "drawOrder": null, "icon": null, "vertex_index": 514, "vertex_part": 0, "vertex_part_index": 514, "distance": 14.582017983732159, "angle": 297.84005105414519 }, "geometry": { "type": "Point", "coordinates": [ 7.584961, 52.201352, 8186.0 ] } },
{ "type": "Feature", "properties": { "Name": "PH-NXH", "description": null, "timestamp": null, "begin": "2025-05-24T11:24:59.393Z", "end": "2025-05-24T13:41:05.445Z", "altitudeMode": null, "tessellate": -1, "extrude": 0, "visibility": -1, "drawOrder": null, "icon": null, "vertex_index": 515, "vertex_part": 0, "vertex_part_index": 515, "distance": 14.59154305675025, "angle": 294.68739151248832 }, "geometry": { "type": "Point", "coordinates": [ 7.576407, 52.205542, 8140.0 ] } },
{ "type": "Feature", "properties": { "Name": "PH-NXH", "description": null, "timestamp": null, "begin": "2025-05-24T11:24:59.393Z", "end": "2025-05-24T13:41:05.445Z", "altitudeMode": null, "tessellate": -1, "extrude": 0, "visibility": -1, "drawOrder": null, "icon": null, "vertex_index": 516, "vertex_part": 0, "vertex_part_index": 516, "distance": 14.60179888679955, "angle": 291.63997751468753 }, "geometry": { "type": "Point", "coordinates": [ 7.566986, 52.209595, 8109.0 ] } },
{ "type": "Feature", "properties": { "Name": "PH-NXH", "description": null, "timestamp": null, "begin": "2025-05-24T11:24:59.393Z", "end": "2025-05-24T13:41:05.445Z", "altitudeMode": null, "tessellate": -1, "extrude": 0, "visibility": -1, "drawOrder": null, "icon": null, "vertex_index": 517, "vertex_part": 0, "vertex_part_index": 517, "distance": 14.611314893787769, "angle": 288.73757818687983 }, "geometry": { "type": "Point", "coordinates": [ 7.558044, 52.21285, 8079.0 ] } },
{ "type": "Feature", "properties": { "Name": "PH-NXH", "description": null, "timestamp": null, "begin": "2025-05-24T11:24:59.393Z", "end": "2025-05-24T13:41:05.445Z", "altitudeMode": null, "tessellate": -1, "extrude": 0, "visibility": -1, "drawOrder": null, "icon": null, "vertex_index": 518, "vertex_part": 0, "vertex_part_index": 518, "distance": 14.62340788291371, "angle": 286.32451396991365 }, "geometry": { "type": "Point", "coordinates": [ 7.546509, 52.216481, 8033.0 ] } },
{ "type": "Feature", "properties": { "Name": "PH-NXH", "description": null, "timestamp": null, "begin": "2025-05-24T11:24:59.393Z", "end": "2025-05-24T13:41:05.445Z", "altitudeMode": null, "tessellate": -1, "extrude": 0, "visibility": -1, "drawOrder": null, "icon": null, "vertex_index": 519, "vertex_part": 0, "vertex_part_index": 519, "distance": 14.6376371103699, "angle": 285.05955677838108 }, "geometry": { "type": "Point", "coordinates": [ 7.532776, 52.220206, 8003.0 ] } },
{ "type": "Feature", "properties": { "Name": "PH-NXH", "description": null, "timestamp": null, "begin": "2025-05-24T11:24:59.393Z", "end": "2025-05-24T13:41:05.445Z", "altitudeMode": null, "tessellate": -1, "extrude": 0, "visibility": -1, "drawOrder": null, "icon": null, "vertex_index": 520, "vertex_part": 0, "vertex_part_index": 520, "distance": 14.649007634544271, "angle": 284.71484321387891 }, "geometry": { "type": "Point", "coordinates": [ 7.52179, 52.223138, 7987.0 ] } },
{ "type": "Feature", "properties": { "Name": "PH-NXH", "description": null, "timestamp": null, "begin": "2025-05-24T11:24:59.393Z", "end": "2025-05-24T13:41:05.445Z", "altitudeMode": null, "tessellate": -1, "extrude": 0, "visibility": -1, "drawOrder": null, "icon": null, "vertex_index": 521, "vertex_part": 0, "vertex_part_index": 521, "distance": 14.667244451508861, "angle": 284.44152004991588 }, "geometry": { "type": "Point", "coordinates": [ 7.504133, 52.2277, 7972.0 ] } },
{ "type": "Feature", "properties": { "Name": "PH-NXH", "description": null, "timestamp": null, "begin": "2025-05-24T11:24:59.393Z", "end": "2025-05-24T13:41:05.445Z", "altitudeMode": null, "tessellate": -1, "extrude": 0, "visibility": -1, "drawOrder": null, "icon": null, "vertex_index": 522, "vertex_part": 0, "vertex_part_index": 522, "distance": 14.713731203309781, "angle": 284.45591328377105 }, "geometry": { "type": "Point", "coordinates": [ 7.459106, 52.239258, 7972.0 ] } },
{ "type": "Feature", "properties": { "Name": "PH-NXH", "description": null, "timestamp": null, "begin": "2025-05-24T11:24:59.393Z", "end": "2025-05-24T13:41:05.445Z", "altitudeMode": null, "tessellate": -1, "extrude": 0, "visibility": -1, "drawOrder": null, "icon": null, "vertex_index": 523, "vertex_part": 0, "vertex_part_index": 523, "distance": 14.76141319153384, "angle": 284.4437471384868 }, "geometry": { "type": "Point", "coordinates": [ 7.412946, 52.251209, 7972.0 ] } },
{ "type": "Feature", "properties": { "Name": "PH-NXH", "description": null, "timestamp": null, "begin": "2025-05-24T11:24:59.393Z", "end": "2025-05-24T13:41:05.445Z", "altitudeMode": null, "tessellate": -1, "extrude": 0, "visibility": -1, "drawOrder": null, "icon": null, "vertex_index": 524, "vertex_part": 0, "vertex_part_index": 524, "distance": 14.80961263942487, "angle": 284.31797234434464 }, "geometry": { "type": "Point", "coordinates": [ 7.366255, 52.263173, 7972.0 ] } },
{ "type": "Feature", "properties": { "Name": "PH-NXH", "description": null, "timestamp": null, "begin": "2025-05-24T11:24:59.393Z", "end": "2025-05-24T13:41:05.445Z", "altitudeMode": null, "tessellate": -1, "extrude": 0, "visibility": -1, "drawOrder": null, "icon": null, "vertex_index": 525, "vertex_part": 0, "vertex_part_index": 525, "distance": 14.83275508624884, "angle": 283.90526912959979 }, "geometry": { "type": "Point", "coordinates": [ 7.343826, 52.268875, 7972.0 ] } },
{ "type": "Feature", "properties": { "Name": "PH-NXH", "description": null, "timestamp": null, "begin": "2025-05-24T11:24:59.393Z", "end": "2025-05-24T13:41:05.445Z", "altitudeMode": null, "tessellate": -1, "extrude": 0, "visibility": -1, "drawOrder": null, "icon": null, "vertex_index": 526, "vertex_part": 0, "vertex_part_index": 526, "distance": 14.85308055600971, "angle": 282.58454484965642 }, "geometry": { "type": "Point", "coordinates": [ 7.324066, 52.273636, 7965.0 ] } },
{ "type": "Feature", "properties": { "Name": "PH-NXH", "description": null, "timestamp": null, "begin": "2025-05-24T11:24:59.393Z", "end": "2025-05-24T13:41:05.445Z", "altitudeMode": null, "tessellate": -1, "extrude": 0, "visibility": -1, "drawOrder": null, "icon": null, "vertex_index": 527, "vertex_part": 0, "vertex_part_index": 527, "distance": 14.866711026177679, "angle": 280.87877559386095 }, "geometry": { "type": "Point", "coordinates": [ 7.310715, 52.276382, 7942.0 ] } },
{ "type": "Feature", "properties": { "Name": "PH-NXH", "description": null, "timestamp": null, "begin": "2025-05-24T11:24:59.393Z", "end": "2025-05-24T13:41:05.445Z", "altitudeMode": null, "tessellate": -1, "extrude": 0, "visibility": -1, "drawOrder": null, "icon": null, "vertex_index": 528, "vertex_part": 0, "vertex_part_index": 528, "distance": 14.88492423748156, "angle": 279.35914200473184 }, "geometry": { "type": "Point", "coordinates": [ 7.292786, 52.279587, 7919.0 ] } },
{ "type": "Feature", "properties": { "Name": "PH-NXH", "description": null, "timestamp": null, "begin": "2025-05-24T11:24:59.393Z", "end": "2025-05-24T13:41:05.445Z", "altitudeMode": null, "tessellate": -1, "extrude": 0, "visibility": -1, "drawOrder": null, "icon": null, "vertex_index": 529, "vertex_part": 0, "vertex_part_index": 529, "distance": 14.90976949362836, "angle": 278.21007359747091 }, "geometry": { "type": "Point", "coordinates": [ 7.268219, 52.283295, 7888.0 ] } },
{ "type": "Feature", "properties": { "Name": "PH-NXH", "description": null, "timestamp": null, "begin": "2025-05-24T11:24:59.393Z", "end": "2025-05-24T13:41:05.445Z", "altitudeMode": null, "tessellate": -1, "extrude": 0, "visibility": -1, "drawOrder": null, "icon": null, "vertex_index": 530, "vertex_part": 0, "vertex_part_index": 530, "distance": 14.95680077080643, "angle": 277.92419016200472 }, "geometry": { "type": "Point", "coordinates": [ 7.221627, 52.289708, 7820.0 ] } },
{ "type": "Feature", "properties": { "Name": "PH-NXH", "description": null, "timestamp": null, "begin": "2025-05-24T11:24:59.393Z", "end": "2025-05-24T13:41:05.445Z", "altitudeMode": null, "tessellate": -1, "extrude": 0, "visibility": -1, "drawOrder": null, "icon": null, "vertex_index": 531, "vertex_part": 0, "vertex_part_index": 531, "distance": 15.0001245892554, "angle": 277.99650539370322 }, "geometry": { "type": "Point", "coordinates": [ 7.178726, 52.295746, 7736.0 ] } },
{ "type": "Feature", "properties": { "Name": "PH-NXH", "description": null, "timestamp": null, "begin": "2025-05-24T11:24:59.393Z", "end": "2025-05-24T13:41:05.445Z", "altitudeMode": null, "tessellate": -1, "extrude": 0, "visibility": -1, "drawOrder": null, "icon": null, "vertex_index": 532, "vertex_part": 0, "vertex_part_index": 532, "distance": 15.04265055803919, "angle": 278.00118113120413 }, "geometry": { "type": "Point", "coordinates": [ 7.136612, 52.301651, 7652.0 ] } },
{ "type": "Feature", "properties": { "Name": "PH-NXH", "description": null, "timestamp": null, "begin": "2025-05-24T11:24:59.393Z", "end": "2025-05-24T13:41:05.445Z", "altitudeMode": null, "tessellate": -1, "extrude": 0, "visibility": -1, "drawOrder": null, "icon": null, "vertex_index": 533, "vertex_part": 0, "vertex_part_index": 533, "distance": 15.084641322273731, "angle": 278.01343725583138 }, "geometry": { "type": "Point", "coordinates": [ 7.095032, 52.30751, 7576.0 ] } },
{ "type": "Feature", "properties": { "Name": "PH-NXH", "description": null, "timestamp": null, "begin": "2025-05-24T11:24:59.393Z", "end": "2025-05-24T13:41:05.445Z", "altitudeMode": null, "tessellate": -1, "extrude": 0, "visibility": -1, "drawOrder": null, "icon": null, "vertex_index": 534, "vertex_part": 0, "vertex_part_index": 534, "distance": 15.12361317940166, "angle": 277.97858134944943 }, "geometry": { "type": "Point", "coordinates": [ 7.05644, 52.312938, 7493.0 ] } },
{ "type": "Feature", "properties": { "Name": "PH-NXH", "description": null, "timestamp": null, "begin": "2025-05-24T11:24:59.393Z", "end": "2025-05-24T13:41:05.445Z", "altitudeMode": null, "tessellate": -1, "extrude": 0, "visibility": -1, "drawOrder": null, "icon": null, "vertex_index": 535, "vertex_part": 0, "vertex_part_index": 535, "distance": 15.16545642766228, "angle": 277.9519110160395 }, "geometry": { "type": "Point", "coordinates": [ 7.014999, 52.318726, 7417.0 ] } },
{ "type": "Feature", "properties": { "Name": "PH-NXH", "description": null, "timestamp": null, "begin": "2025-05-24T11:24:59.393Z", "end": "2025-05-24T13:41:05.445Z", "altitudeMode": null, "tessellate": -1, "extrude": 0, "visibility": -1, "drawOrder": null, "icon": null, "vertex_index": 536, "vertex_part": 0, "vertex_part_index": 536, "distance": 15.2040374896487, "angle": 277.95302908767661 }, "geometry": { "type": "Point", "coordinates": [ 6.976789, 52.324064, 7333.0 ] } },
{ "type": "Feature", "properties": { "Name": "PH-NXH", "description": null, "timestamp": null, "begin": "2025-05-24T11:24:59.393Z", "end": "2025-05-24T13:41:05.445Z", "altitudeMode": null, "tessellate": -1, "extrude": 0, "visibility": -1, "drawOrder": null, "icon": null, "vertex_index": 537, "vertex_part": 0, "vertex_part_index": 537, "distance": 15.24508127409897, "angle": 277.93005023831995 }, "geometry": { "type": "Point", "coordinates": [ 6.93614, 52.329743, 7249.0 ] } },
{ "type": "Feature", "properties": { "Name": "PH-NXH", "description": null, "timestamp": null, "begin": "2025-05-24T11:24:59.393Z", "end": "2025-05-24T13:41:05.445Z", "altitudeMode": null, "tessellate": -1, "extrude": 0, "visibility": -1, "drawOrder": null, "icon": null, "vertex_index": 538, "vertex_part": 0, "vertex_part_index": 538, "distance": 15.285011897059301, "angle": 277.87592875471927 }, "geometry": { "type": "Point", "coordinates": [ 6.896589, 52.335236, 7166.0 ] } },
{ "type": "Feature", "properties": { "Name": "PH-NXH", "description": null, "timestamp": null, "begin": "2025-05-24T11:24:59.393Z", "end": "2025-05-24T13:41:05.445Z", "altitudeMode": null, "tessellate": -1, "extrude": 0, "visibility": -1, "drawOrder": null, "icon": null, "vertex_index": 539, "vertex_part": 0, "vertex_part_index": 539, "distance": 15.32536556653309, "angle": 277.86885384605313 }, "geometry": { "type": "Point", "coordinates": [ 6.856613, 52.340744, 7089.0 ] } },
{ "type": "Feature", "properties": { "Name": "PH-NXH", "description": null, "timestamp": null, "begin": "2025-05-24T11:24:59.393Z", "end": "2025-05-24T13:41:05.445Z", "altitudeMode": null, "tessellate": -1, "extrude": 0, "visibility": -1, "drawOrder": null, "icon": null, "vertex_index": 540, "vertex_part": 0, "vertex_part_index": 540, "distance": 15.36503233461419, "angle": 277.85760702490353 }, "geometry": { "type": "Point", "coordinates": [ 6.817322, 52.346191, 7006.0 ] } },
{ "type": "Feature", "properties": { "Name": "PH-NXH", "description": null, "timestamp": null, "begin": "2025-05-24T11:24:59.393Z", "end": "2025-05-24T13:41:05.445Z", "altitudeMode": null, "tessellate": -1, "extrude": 0, "visibility": -1, "drawOrder": null, "icon": null, "vertex_index": 541, "vertex_part": 0, "vertex_part_index": 541, "distance": 15.40438452555701, "angle": 277.83132876163342 }, "geometry": { "type": "Point", "coordinates": [ 6.778336, 52.351547, 6922.0 ] } },
{ "type": "Feature", "properties": { "Name": "PH-NXH", "description": null, "timestamp": null, "begin": "2025-05-24T11:24:59.393Z", "end": "2025-05-24T13:41:05.445Z", "altitudeMode": null, "tessellate": -1, "extrude": 0, "visibility": -1, "drawOrder": null, "icon": null, "vertex_index": 542, "vertex_part": 0, "vertex_part_index": 542, "distance": 15.445664392284019, "angle": 277.83764459448179 }, "geometry": { "type": "Point", "coordinates": [ 6.737442, 52.357178, 6845.0 ] } },
{ "type": "Feature", "properties": { "Name": "PH-NXH", "description": null, "timestamp": null, "begin": "2025-05-24T11:24:59.393Z", "end": "2025-05-24T13:41:05.445Z", "altitudeMode": null, "tessellate": -1, "extrude": 0, "visibility": -1, "drawOrder": null, "icon": null, "vertex_index": 543, "vertex_part": 0, "vertex_part_index": 543, "distance": 15.48447672513068, "angle": 277.81743615872455 }, "geometry": { "type": "Point", "coordinates": [ 6.698992, 52.362469, 6762.0 ] } },
{ "type": "Feature", "properties": { "Name": "PH-NXH", "description": null, "timestamp": null, "begin": "2025-05-24T11:24:59.393Z", "end": "2025-05-24T13:41:05.445Z", "altitudeMode": null, "tessellate": -1, "extrude": 0, "visibility": -1, "drawOrder": null, "icon": null, "vertex_index": 544, "vertex_part": 0, "vertex_part_index": 544, "distance": 15.52475334827613, "angle": 277.78427258907874 }, "geometry": { "type": "Point", "coordinates": [ 6.659088, 52.367935, 6678.0 ] } },
{ "type": "Feature", "properties": { "Name": "PH-NXH", "description": null, "timestamp": null, "begin": "2025-05-24T11:24:59.393Z", "end": "2025-05-24T13:41:05.445Z", "altitudeMode": null, "tessellate": -1, "extrude": 0, "visibility": -1, "drawOrder": null, "icon": null, "vertex_index": 545, "vertex_part": 0, "vertex_part_index": 545, "distance": 15.56471614122157, "angle": 277.75552013476994 }, "geometry": { "type": "Point", "coordinates": [ 6.619492, 52.373337, 6594.0 ] } },
{ "type": "Feature", "properties": { "Name": "PH-NXH", "description": null, "timestamp": null, "begin": "2025-05-24T11:24:59.393Z", "end": "2025-05-24T13:41:05.445Z", "altitudeMode": null, "tessellate": -1, "extrude": 0, "visibility": -1, "drawOrder": null, "icon": null, "vertex_index": 546, "vertex_part": 0, "vertex_part_index": 546, "distance": 15.60583194842512, "angle": 277.72383217422936 }, "geometry": { "type": "Point", "coordinates": [ 6.578751, 52.378876, 6518.0 ] } },
{ "type": "Feature", "properties": { "Name": "PH-NXH", "description": null, "timestamp": null, "begin": "2025-05-24T11:24:59.393Z", "end": "2025-05-24T13:41:05.445Z", "altitudeMode": null, "tessellate": -1, "extrude": 0, "visibility": -1, "drawOrder": null, "icon": null, "vertex_index": 547, "vertex_part": 0, "vertex_part_index": 547, "distance": 15.6442195673927, "angle": 277.69461493174867 }, "geometry": { "type": "Point", "coordinates": [ 6.54071, 52.384023, 6434.0 ] } },
{ "type": "Feature", "properties": { "Name": "PH-NXH", "description": null, "timestamp": null, "begin": "2025-05-24T11:24:59.393Z", "end": "2025-05-24T13:41:05.445Z", "altitudeMode": null, "tessellate": -1, "extrude": 0, "visibility": -1, "drawOrder": null, "icon": null, "vertex_index": 548, "vertex_part": 0, "vertex_part_index": 548, "distance": 15.68412790481735, "angle": 277.74376299593598 }, "geometry": { "type": "Point", "coordinates": [ 6.50116, 52.389359, 6350.0 ] } },
{ "type": "Feature", "properties": { "Name": "PH-NXH", "description": null, "timestamp": null, "begin": "2025-05-24T11:24:59.393Z", "end": "2025-05-24T13:41:05.445Z", "altitudeMode": null, "tessellate": -1, "extrude": 0, "visibility": -1, "drawOrder": null, "icon": null, "vertex_index": 549, "vertex_part": 0, "vertex_part_index": 549, "distance": 15.70448442514869, "angle": 277.72081985345994 }, "geometry": { "type": "Point", "coordinates": [ 6.480992, 52.392123, 6304.0 ] } },
{ "type": "Feature", "properties": { "Name": "PH-NXH", "description": null, "timestamp": null, "begin": "2025-05-24T11:24:59.393Z", "end": "2025-05-24T13:41:05.445Z", "altitudeMode": null, "tessellate": -1, "extrude": 0, "visibility": -1, "drawOrder": null, "icon": null, "vertex_index": 550, "vertex_part": 0, "vertex_part_index": 550, "distance": 15.7126175845594, "angle": 277.62838551481514 }, "geometry": { "type": "Point", "coordinates": [ 6.472931, 52.393204, 6274.0 ] } },
{ "type": "Feature", "properties": { "Name": "PH-NXH", "description": null, "timestamp": null, "begin": "2025-05-24T11:24:59.393Z", "end": "2025-05-24T13:41:05.445Z", "altitudeMode": null, "tessellate": -1, "extrude": 0, "visibility": -1, "drawOrder": null, "icon": null, "vertex_index": 551, "vertex_part": 0, "vertex_part_index": 551, "distance": 15.737817045069489, "angle": 277.63805189569501 }, "geometry": { "type": "Point", "coordinates": [ 6.447954, 52.396545, 6152.0 ] } },
{ "type": "Feature", "properties": { "Name": "PH-NXH", "description": null, "timestamp": null, "begin": "2025-05-24T11:24:59.393Z", "end": "2025-05-24T13:41:05.445Z", "altitudeMode": null, "tessellate": -1, "extrude": 0, "visibility": -1, "drawOrder": null, "icon": null, "vertex_index": 552, "vertex_part": 0, "vertex_part_index": 552, "distance": 15.764962101672859, "angle": 277.66169763168358 }, "geometry": { "type": "Point", "coordinates": [ 6.421051, 52.400162, 6030.0 ] } },
{ "type": "Feature", "properties": { "Name": "PH-NXH", "description": null, "timestamp": null, "begin": "2025-05-24T11:24:59.393Z", "end": "2025-05-24T13:41:05.445Z", "altitudeMode": null, "tessellate": -1, "extrude": 0, "visibility": -1, "drawOrder": null, "icon": null, "vertex_index": 553, "vertex_part": 0, "vertex_part_index": 553, "distance": 15.79229338201243, "angle": 277.6807443707408 }, "geometry": { "type": "Point", "coordinates": [ 6.393964, 52.403808, 5908.0 ] } },
{ "type": "Feature", "properties": { "Name": "PH-NXH", "description": null, "timestamp": null, "begin": "2025-05-24T11:24:59.393Z", "end": "2025-05-24T13:41:05.445Z", "altitudeMode": null, "tessellate": -1, "extrude": 0, "visibility": -1, "drawOrder": null, "icon": null, "vertex_index": 554, "vertex_part": 0, "vertex_part_index": 554, "distance": 15.819058426977829, "angle": 277.6769660139874 }, "geometry": { "type": "Point", "coordinates": [ 6.36744, 52.407392, 5779.0 ] } },
{ "type": "Feature", "properties": { "Name": "PH-NXH", "description": null, "timestamp": null, "begin": "2025-05-24T11:24:59.393Z", "end": "2025-05-24T13:41:05.445Z", "altitudeMode": null, "tessellate": -1, "extrude": 0, "visibility": -1, "drawOrder": null, "icon": null, "vertex_index": 555, "vertex_part": 0, "vertex_part_index": 555, "distance": 15.845178421809379, "angle": 277.61535610862171 }, "geometry": { "type": "Point", "coordinates": [ 6.341553, 52.410873, 5664.0 ] } },
{ "type": "Feature", "properties": { "Name": "PH-NXH", "description": null, "timestamp": null, "begin": "2025-05-24T11:24:59.393Z", "end": "2025-05-24T13:41:05.445Z", "altitudeMode": null, "tessellate": -1, "extrude": 0, "visibility": -1, "drawOrder": null, "icon": null, "vertex_index": 556, "vertex_part": 0, "vertex_part_index": 556, "distance": 15.87210321343345, "angle": 277.56165310182479 }, "geometry": { "type": "Point", "coordinates": [ 6.314863, 52.414421, 5542.0 ] } },
{ "type": "Feature", "properties": { "Name": "PH-NXH", "description": null, "timestamp": null, "begin": "2025-05-24T11:24:59.393Z", "end": "2025-05-24T13:41:05.445Z", "altitudeMode": null, "tessellate": -1, "extrude": 0, "visibility": -1, "drawOrder": null, "icon": null, "vertex_index": 557, "vertex_part": 0, "vertex_part_index": 557, "distance": 15.89805224570828, "angle": 277.57290284320652 }, "geometry": { "type": "Point", "coordinates": [ 6.289139, 52.417831, 5428.0 ] } },
{ "type": "Feature", "properties": { "Name": "PH-NXH", "description": null, "timestamp": null, "begin": "2025-05-24T11:24:59.393Z", "end": "2025-05-24T13:41:05.445Z", "altitudeMode": null, "tessellate": -1, "extrude": 0, "visibility": -1, "drawOrder": null, "icon": null, "vertex_index": 558, "vertex_part": 0, "vertex_part_index": 558, "distance": 15.924035170505149, "angle": 277.56359559044603 }, "geometry": { "type": "Point", "coordinates": [ 6.263384, 52.421265, 5306.0 ] } },
{ "type": "Feature", "properties": { "Name": "PH-NXH", "description": null, "timestamp": null, "begin": "2025-05-24T11:24:59.393Z", "end": "2025-05-24T13:41:05.445Z", "altitudeMode": null, "tessellate": -1, "extrude": 0, "visibility": -1, "drawOrder": null, "icon": null, "vertex_index": 559, "vertex_part": 0, "vertex_part_index": 559, "distance": 15.950314950450959, "angle": 277.56747576164065 }, "geometry": { "type": "Point", "coordinates": [ 6.237331, 52.42471, 5177.0 ] } },
{ "type": "Feature", "properties": { "Name": "PH-NXH", "description": null, "timestamp": null, "begin": "2025-05-24T11:24:59.393Z", "end": "2025-05-24T13:41:05.445Z", "altitudeMode": null, "tessellate": -1, "extrude": 0, "visibility": -1, "drawOrder": null, "icon": null, "vertex_index": 560, "vertex_part": 0, "vertex_part_index": 560, "distance": 15.97617324509697, "angle": 277.57066904197393 }, "geometry": { "type": "Point", "coordinates": [ 6.2117, 52.428131, 5062.0 ] } },
{ "type": "Feature", "properties": { "Name": "PH-NXH", "description": null, "timestamp": null, "begin": "2025-05-24T11:24:59.393Z", "end": "2025-05-24T13:41:05.445Z", "altitudeMode": null, "tessellate": -1, "extrude": 0, "visibility": -1, "drawOrder": null, "icon": null, "vertex_index": 561, "vertex_part": 0, "vertex_part_index": 561, "distance": 16.002339427260221, "angle": 277.51963890641383 }, "geometry": { "type": "Point", "coordinates": [ 6.18576, 52.431564, 4948.0 ] } },
{ "type": "Feature", "properties": { "Name": "PH-NXH", "description": null, "timestamp": null, "begin": "2025-05-24T11:24:59.393Z", "end": "2025-05-24T13:41:05.445Z", "altitudeMode": null, "tessellate": -1, "extrude": 0, "visibility": -1, "drawOrder": null, "icon": null, "vertex_index": 562, "vertex_part": 0, "vertex_part_index": 562, "distance": 16.028999528985452, "angle": 277.49003350934004 }, "geometry": { "type": "Point", "coordinates": [ 6.159328, 52.435044, 4834.0 ] } },
{ "type": "Feature", "properties": { "Name": "PH-NXH", "description": null, "timestamp": null, "begin": "2025-05-24T11:24:59.393Z", "end": "2025-05-24T13:41:05.445Z", "altitudeMode": null, "tessellate": -1, "extrude": 0, "visibility": -1, "drawOrder": null, "icon": null, "vertex_index": 563, "vertex_part": 0, "vertex_part_index": 563, "distance": 16.054664915988191, "angle": 277.47019670780202 }, "geometry": { "type": "Point", "coordinates": [ 6.133881, 52.438385, 4712.0 ] } },
{ "type": "Feature", "properties": { "Name": "PH-NXH", "description": null, "timestamp": null, "begin": "2025-05-24T11:24:59.393Z", "end": "2025-05-24T13:41:05.445Z", "altitudeMode": null, "tessellate": -1, "extrude": 0, "visibility": -1, "drawOrder": null, "icon": null, "vertex_index": 564, "vertex_part": 0, "vertex_part_index": 564, "distance": 16.080749744241409, "angle": 277.47277467888699 }, "geometry": { "type": "Point", "coordinates": [ 6.108017, 52.441772, 4590.0 ] } },
{ "type": "Feature", "properties": { "Name": "PH-NXH", "description": null, "timestamp": null, "begin": "2025-05-24T11:24:59.393Z", "end": "2025-05-24T13:41:05.445Z", "altitudeMode": null, "tessellate": -1, "extrude": 0, "visibility": -1, "drawOrder": null, "icon": null, "vertex_index": 565, "vertex_part": 0, "vertex_part_index": 565, "distance": 16.106758356526569, "angle": 277.51045574884756 }, "geometry": { "type": "Point", "coordinates": [ 6.08223, 52.44516, 4476.0 ] } },
{ "type": "Feature", "properties": { "Name": "PH-NXH", "description": null, "timestamp": null, "begin": "2025-05-24T11:24:59.393Z", "end": "2025-05-24T13:41:05.445Z", "altitudeMode": null, "tessellate": -1, "extrude": 0, "visibility": -1, "drawOrder": null, "icon": null, "vertex_index": 566, "vertex_part": 0, "vertex_part_index": 566, "distance": 16.1322101947313, "angle": 277.45742868497337 }, "geometry": { "type": "Point", "coordinates": [ 6.056998, 52.448498, 4361.0 ] } },
{ "type": "Feature", "properties": { "Name": "PH-NXH", "description": null, "timestamp": null, "begin": "2025-05-24T11:24:59.393Z", "end": "2025-05-24T13:41:05.445Z", "altitudeMode": null, "tessellate": -1, "extrude": 0, "visibility": -1, "drawOrder": null, "icon": null, "vertex_index": 567, "vertex_part": 0, "vertex_part_index": 567, "distance": 16.15903433365504, "angle": 277.42519228491574 }, "geometry": { "type": "Point", "coordinates": [ 6.030396, 52.451943, 4239.0 ] } },
{ "type": "Feature", "properties": { "Name": "PH-NXH", "description": null, "timestamp": null, "begin": "2025-05-24T11:24:59.393Z", "end": "2025-05-24T13:41:05.445Z", "altitudeMode": null, "tessellate": -1, "extrude": 0, "visibility": -1, "drawOrder": null, "icon": null, "vertex_index": 568, "vertex_part": 0, "vertex_part_index": 568, "distance": 16.18432002100975, "angle": 277.48980023347411 }, "geometry": { "type": "Point", "coordinates": [ 6.005325, 52.455231, 4125.0 ] } },
{ "type": "Feature", "properties": { "Name": "PH-NXH", "description": null, "timestamp": null, "begin": "2025-05-24T11:24:59.393Z", "end": "2025-05-24T13:41:05.445Z", "altitudeMode": null, "tessellate": -1, "extrude": 0, "visibility": -1, "drawOrder": null, "icon": null, "vertex_index": 569, "vertex_part": 0, "vertex_part_index": 569, "distance": 16.210945291900391, "angle": 277.44995835844435 }, "geometry": { "type": "Point", "coordinates": [ 5.978928, 52.45871, 4011.0 ] } },
{ "type": "Feature", "properties": { "Name": "PH-NXH", "description": null, "timestamp": null, "begin": "2025-05-24T11:24:59.393Z", "end": "2025-05-24T13:41:05.445Z", "altitudeMode": null, "tessellate": -1, "extrude": 0, "visibility": -1, "drawOrder": null, "icon": null, "vertex_index": 570, "vertex_part": 0, "vertex_part_index": 570, "distance": 16.236564199995779, "angle": 277.38200548066692 }, "geometry": { "type": "Point", "coordinates": [ 5.953522, 52.462006, 3897.0 ] } },
{ "type": "Feature", "properties": { "Name": "PH-NXH", "description": null, "timestamp": null, "begin": "2025-05-24T11:24:59.393Z", "end": "2025-05-24T13:41:05.445Z", "altitudeMode": null, "tessellate": -1, "extrude": 0, "visibility": -1, "drawOrder": null, "icon": null, "vertex_index": 571, "vertex_part": 0, "vertex_part_index": 571, "distance": 16.264028226375761, "angle": 277.38524809814993 }, "geometry": { "type": "Point", "coordinates": [ 5.926285, 52.46553, 3775.0 ] } },
{ "type": "Feature", "properties": { "Name": "PH-NXH", "description": null, "timestamp": null, "begin": "2025-05-24T11:24:59.393Z", "end": "2025-05-24T13:41:05.445Z", "altitudeMode": null, "tessellate": -1, "extrude": 0, "visibility": -1, "drawOrder": null, "icon": null, "vertex_index": 572, "vertex_part": 0, "vertex_part_index": 572, "distance": 16.277183748106189, "angle": 277.4505044794405 }, "geometry": { "type": "Point", "coordinates": [ 5.913239, 52.467224, 3714.0 ] } },
{ "type": "Feature", "properties": { "Name": "PH-NXH", "description": null, "timestamp": null, "begin": "2025-05-24T11:24:59.393Z", "end": "2025-05-24T13:41:05.445Z", "altitudeMode": null, "tessellate": -1, "extrude": 0, "visibility": -1, "drawOrder": null, "icon": null, "vertex_index": 573, "vertex_part": 0, "vertex_part_index": 573, "distance": 16.286649788513881, "angle": 277.39807459431364 }, "geometry": { "type": "Point", "coordinates": [ 5.903854, 52.46846, 3653.0 ] } },
{ "type": "Feature", "properties": { "Name": "PH-NXH", "description": null, "timestamp": null, "begin": "2025-05-24T11:24:59.393Z", "end": "2025-05-24T13:41:05.445Z", "altitudeMode": null, "tessellate": -1, "extrude": 0, "visibility": -1, "drawOrder": null, "icon": null, "vertex_index": 574, "vertex_part": 0, "vertex_part_index": 574, "distance": 16.297110427117708, "angle": 277.41567494065509 }, "geometry": { "type": "Point", "coordinates": [ 5.893478, 52.469788, 3592.0 ] } },
{ "type": "Feature", "properties": { "Name": "PH-NXH", "description": null, "timestamp": null, "begin": "2025-05-24T11:24:59.393Z", "end": "2025-05-24T13:41:05.445Z", "altitudeMode": null, "tessellate": -1, "extrude": 0, "visibility": -1, "drawOrder": null, "icon": null, "vertex_index": 575, "vertex_part": 0, "vertex_part_index": 575, "distance": 16.30757687374491, "angle": 277.37177803075247 }, "geometry": { "type": "Point", "coordinates": [ 5.883102, 52.471161, 3531.0 ] } },
{ "type": "Feature", "properties": { "Name": "PH-NXH", "description": null, "timestamp": null, "begin": "2025-05-24T11:24:59.393Z", "end": "2025-05-24T13:41:05.445Z", "altitudeMode": null, "tessellate": -1, "extrude": 0, "visibility": -1, "drawOrder": null, "icon": null, "vertex_index": 576, "vertex_part": 0, "vertex_part_index": 576, "distance": 16.3169126053713, "angle": 277.33319553645867 }, "geometry": { "type": "Point", "coordinates": [ 5.87384, 52.472332, 3462.0 ] } },
{ "type": "Feature", "properties": { "Name": "PH-NXH", "description": null, "timestamp": null, "begin": "2025-05-24T11:24:59.393Z", "end": "2025-05-24T13:41:05.445Z", "altitudeMode": null, "tessellate": -1, "extrude": 0, "visibility": -1, "drawOrder": null, "icon": null, "vertex_index": 577, "vertex_part": 0, "vertex_part_index": 577, "distance": 16.32838775173202, "angle": 277.36463031054637 }, "geometry": { "type": "Point", "coordinates": [ 5.862462, 52.473822, 3401.0 ] } },
{ "type": "Feature", "properties": { "Name": "PH-NXH", "description": null, "timestamp": null, "begin": "2025-05-24T11:24:59.393Z", "end": "2025-05-24T13:41:05.445Z", "altitudeMode": null, "tessellate": -1, "extrude": 0, "visibility": -1, "drawOrder": null, "icon": null, "vertex_index": 578, "vertex_part": 0, "vertex_part_index": 578, "distance": 16.336852776835361, "angle": 277.37972124313296 }, "geometry": { "type": "Point", "coordinates": [ 5.854065, 52.474893, 3356.0 ] } },
{ "type": "Feature", "properties": { "Name": "PH-NXH", "description": null, "timestamp": null, "begin": "2025-05-24T11:24:59.393Z", "end": "2025-05-24T13:41:05.445Z", "altitudeMode": null, "tessellate": -1, "extrude": 0, "visibility": -1, "drawOrder": null, "icon": null, "vertex_index": 579, "vertex_part": 0, "vertex_part_index": 579, "distance": 16.344040116050952, "angle": 277.48366413495046 }, "geometry": { "type": "Point", "coordinates": [ 5.846939, 52.47583, 3325.0 ] } },
{ "type": "Feature", "properties": { "Name": "PH-NXH", "description": null, "timestamp": null, "begin": "2025-05-24T11:24:59.393Z", "end": "2025-05-24T13:41:05.445Z", "altitudeMode": null, "tessellate": -1, "extrude": 0, "visibility": -1, "drawOrder": null, "icon": null, "vertex_index": 580, "vertex_part": 0, "vertex_part_index": 580, "distance": 16.349358329378749, "angle": 277.2642297657024 }, "geometry": { "type": "Point", "coordinates": [ 5.841666, 52.476522, 3317.0 ] } },
{ "type": "Feature", "properties": { "Name": "PH-NXH", "description": null, "timestamp": null, "begin": "2025-05-24T11:24:59.393Z", "end": "2025-05-24T13:41:05.445Z", "altitudeMode": null, "tessellate": -1, "extrude": 0, "visibility": -1, "drawOrder": null, "icon": null, "vertex_index": 581, "vertex_part": 0, "vertex_part_index": 581, "distance": 16.35315404340907, "angle": 277.10175471620482 }, "geometry": { "type": "Point", "coordinates": [ 5.837899, 52.476988, 3310.0 ] } },
{ "type": "Feature", "properties": { "Name": "PH-NXH", "description": null, "timestamp": null, "begin": "2025-05-24T11:24:59.393Z", "end": "2025-05-24T13:41:05.445Z", "altitudeMode": null, "tessellate": -1, "extrude": 0, "visibility": -1, "drawOrder": null, "icon": null, "vertex_index": 582, "vertex_part": 0, "vertex_part_index": 582, "distance": 16.365492027847392, "angle": 277.2505929903196 }, "geometry": { "type": "Point", "coordinates": [ 5.825657, 52.478524, 3287.0 ] } },
{ "type": "Feature", "properties": { "Name": "PH-NXH", "description": null, "timestamp": null, "begin": "2025-05-24T11:24:59.393Z", "end": "2025-05-24T13:41:05.445Z", "altitudeMode": null, "tessellate": -1, "extrude": 0, "visibility": -1, "drawOrder": null, "icon": null, "vertex_index": 583, "vertex_part": 0, "vertex_part_index": 583, "distance": 16.389881413264, "angle": 277.34382815216929 }, "geometry": { "type": "Point", "coordinates": [ 5.801468, 52.481644, 3272.0 ] } },
{ "type": "Feature", "properties": { "Name": "PH-NXH", "description": null, "timestamp": null, "begin": "2025-05-24T11:24:59.393Z", "end": "2025-05-24T13:41:05.445Z", "altitudeMode": null, "tessellate": -1, "extrude": 0, "visibility": -1, "drawOrder": null, "icon": null, "vertex_index": 584, "vertex_part": 0, "vertex_part_index": 584, "distance": 16.402995820379839, "angle": 277.30346436237193 }, "geometry": { "type": "Point", "coordinates": [ 5.788461, 52.483319, 3256.0 ] } },
{ "type": "Feature", "properties": { "Name": "PH-NXH", "description": null, "timestamp": null, "begin": "2025-05-24T11:24:59.393Z", "end": "2025-05-24T13:41:05.445Z", "altitudeMode": null, "tessellate": -1, "extrude": 0, "visibility": -1, "drawOrder": null, "icon": null, "vertex_index": 585, "vertex_part": 0, "vertex_part_index": 585, "distance": 16.42195620183697, "angle": 277.30333941058797 }, "geometry": { "type": "Point", "coordinates": [ 5.769653, 52.485718, 3203.0 ] } },
{ "type": "Feature", "properties": { "Name": "PH-NXH", "description": null, "timestamp": null, "begin": "2025-05-24T11:24:59.393Z", "end": "2025-05-24T13:41:05.445Z", "altitudeMode": null, "tessellate": -1, "extrude": 0, "visibility": -1, "drawOrder": null, "icon": null, "vertex_index": 586, "vertex_part": 0, "vertex_part_index": 586, "distance": 16.437725342460361, "angle": 277.35545137003868 }, "geometry": { "type": "Point", "coordinates": [ 5.754013, 52.487732, 3150.0 ] } },
{ "type": "Feature", "properties": { "Name": "PH-NXH", "description": null, "timestamp": null, "begin": "2025-05-24T11:24:59.393Z", "end": "2025-05-24T13:41:05.445Z", "altitudeMode": null, "tessellate": -1, "extrude": 0, "visibility": -1, "drawOrder": null, "icon": null, "vertex_index": 587, "vertex_part": 0, "vertex_part_index": 587, "distance": 16.453419108483839, "angle": 277.31875167548981 }, "geometry": { "type": "Point", "coordinates": [ 5.738449, 52.489746, 3089.0 ] } },
{ "type": "Feature", "properties": { "Name": "PH-NXH", "description": null, "timestamp": null, "begin": "2025-05-24T11:24:59.393Z", "end": "2025-05-24T13:41:05.445Z", "altitudeMode": null, "tessellate": -1, "extrude": 0, "visibility": -1, "drawOrder": null, "icon": null, "vertex_index": 588, "vertex_part": 0, "vertex_part_index": 588, "distance": 16.46826325729743, "angle": 277.28322096432237 }, "geometry": { "type": "Point", "coordinates": [ 5.723724, 52.491623, 3028.0 ] } },
{ "type": "Feature", "properties": { "Name": "PH-NXH", "description": null, "timestamp": null, "begin": "2025-05-24T11:24:59.393Z", "end": "2025-05-24T13:41:05.445Z", "altitudeMode": null, "tessellate": -1, "extrude": 0, "visibility": -1, "drawOrder": null, "icon": null, "vertex_index": 589, "vertex_part": 0, "vertex_part_index": 589, "distance": 16.483031027372839, "angle": 277.32463938624483 }, "geometry": { "type": "Point", "coordinates": [ 5.709076, 52.4935, 2975.0 ] } },
{ "type": "Feature", "properties": { "Name": "PH-NXH", "description": null, "timestamp": null, "begin": "2025-05-24T11:24:59.393Z", "end": "2025-05-24T13:41:05.445Z", "altitudeMode": null, "tessellate": -1, "extrude": 0, "visibility": -1, "drawOrder": null, "icon": null, "vertex_index": 590, "vertex_part": 0, "vertex_part_index": 590, "distance": 16.490420700302, "angle": 277.37173850422226 }, "geometry": { "type": "Point", "coordinates": [ 5.701747, 52.494445, 2952.0 ] } },
{ "type": "Feature", "properties": { "Name": "PH-NXH", "description": null, "timestamp": null, "begin": "2025-05-24T11:24:59.393Z", "end": "2025-05-24T13:41:05.445Z", "altitudeMode": null, "tessellate": -1, "extrude": 0, "visibility": -1, "drawOrder": null, "icon": null, "vertex_index": 591, "vertex_part": 0, "vertex_part_index": 591, "distance": 16.498724794834221, "angle": 277.27204711799249 }, "geometry": { "type": "Point", "coordinates": [ 5.693512, 52.495514, 2936.0 ] } },
{ "type": "Feature", "properties": { "Name": "PH-NXH", "description": null, "timestamp": null, "begin": "2025-05-24T11:24:59.393Z", "end": "2025-05-24T13:41:05.445Z", "altitudeMode": null, "tessellate": -1, "extrude": 0, "visibility": -1, "drawOrder": null, "icon": null, "vertex_index": 592, "vertex_part": 0, "vertex_part_index": 592, "distance": 16.509960110050091, "angle": 277.16723644090837 }, "geometry": { "type": "Point", "coordinates": [ 5.682364, 52.496912, 2921.0 ] } },
{ "type": "Feature", "properties": { "Name": "PH-NXH", "description": null, "timestamp": null, "begin": "2025-05-24T11:24:59.393Z", "end": "2025-05-24T13:41:05.445Z", "altitudeMode": null, "tessellate": -1, "extrude": 0, "visibility": -1, "drawOrder": null, "icon": null, "vertex_index": 593, "vertex_part": 0, "vertex_part_index": 593, "distance": 16.51964015844873, "angle": 277.1835916989229 }, "geometry": { "type": "Point", "coordinates": [ 5.67276, 52.498123, 2914.0 ] } },
{ "type": "Feature", "properties": { "Name": "PH-NXH", "description": null, "timestamp": null, "begin": "2025-05-24T11:24:59.393Z", "end": "2025-05-24T13:41:05.445Z", "altitudeMode": null, "tessellate": -1, "extrude": 0, "visibility": -1, "drawOrder": null, "icon": null, "vertex_index": 594, "vertex_part": 0, "vertex_part_index": 594, "distance": 16.531552583978399, "angle": 277.25588879228206 }, "geometry": { "type": "Point", "coordinates": [ 5.660941, 52.499612, 2906.0 ] } },
{ "type": "Feature", "properties": { "Name": "PH-NXH", "description": null, "timestamp": null, "begin": "2025-05-24T11:24:59.393Z", "end": "2025-05-24T13:41:05.445Z", "altitudeMode": null, "tessellate": -1, "extrude": 0, "visibility": -1, "drawOrder": null, "icon": null, "vertex_index": 595, "vertex_part": 0, "vertex_part_index": 595, "distance": 16.545713349282579, "angle": 277.27644612864458 }, "geometry": { "type": "Point", "coordinates": [ 5.646896, 52.501419, 2883.0 ] } },
{ "type": "Feature", "properties": { "Name": "PH-NXH", "description": null, "timestamp": null, "begin": "2025-05-24T11:24:59.393Z", "end": "2025-05-24T13:41:05.445Z", "altitudeMode": null, "tessellate": -1, "extrude": 0, "visibility": -1, "drawOrder": null, "icon": null, "vertex_index": 596, "vertex_part": 0, "vertex_part_index": 596, "distance": 16.557263976321838, "angle": 277.22232008040243 }, "geometry": { "type": "Point", "coordinates": [ 5.635437, 52.502871, 2860.0 ] } },
{ "type": "Feature", "properties": { "Name": "PH-NXH", "description": null, "timestamp": null, "begin": "2025-05-24T11:24:59.393Z", "end": "2025-05-24T13:41:05.445Z", "altitudeMode": null, "tessellate": -1, "extrude": 0, "visibility": -1, "drawOrder": null, "icon": null, "vertex_index": 597, "vertex_part": 0, "vertex_part_index": 597, "distance": 16.574666075045851, "angle": 277.22081106272219 }, "geometry": { "type": "Point", "coordinates": [ 5.618173, 52.505059, 2815.0 ] } },
{ "type": "Feature", "properties": { "Name": "PH-NXH", "description": null, "timestamp": null, "begin": "2025-05-24T11:24:59.393Z", "end": "2025-05-24T13:41:05.445Z", "altitudeMode": null, "tessellate": -1, "extrude": 0, "visibility": -1, "drawOrder": null, "icon": null, "vertex_index": 598, "vertex_part": 0, "vertex_part_index": 598, "distance": 16.589778859369058, "angle": 276.94333817830437 }, "geometry": { "type": "Point", "coordinates": [ 5.60318, 52.506958, 2761.0 ] } },
{ "type": "Feature", "properties": { "Name": "PH-NXH", "description": null, "timestamp": null, "begin": "2025-05-24T11:24:59.393Z", "end": "2025-05-24T13:41:05.445Z", "altitudeMode": null, "tessellate": -1, "extrude": 0, "visibility": -1, "drawOrder": null, "icon": null, "vertex_index": 599, "vertex_part": 0, "vertex_part_index": 599, "distance": 16.605891855893599, "angle": 275.20350922904157 }, "geometry": { "type": "Point", "coordinates": [ 5.587176, 52.508829, 2700.0 ] } },
{ "type": "Feature", "properties": { "Name": "PH-NXH", "description": null, "timestamp": null, "begin": "2025-05-24T11:24:59.393Z", "end": "2025-05-24T13:41:05.445Z", "altitudeMode": null, "tessellate": -1, "extrude": 0, "visibility": -1, "drawOrder": null, "icon": null, "vertex_index": 600, "vertex_part": 0, "vertex_part_index": 600, "distance": 16.614464101632031, "angle": 272.59072330943337 }, "geometry": { "type": "Point", "coordinates": [ 5.578622, 52.509388, 2677.0 ] } },
{ "type": "Feature", "properties": { "Name": "PH-NXH", "description": null, "timestamp": null, "begin": "2025-05-24T11:24:59.393Z", "end": "2025-05-24T13:41:05.445Z", "altitudeMode": null, "tessellate": -1, "extrude": 0, "visibility": -1, "drawOrder": null, "icon": null, "vertex_index": 601, "vertex_part": 0, "vertex_part_index": 601, "distance": 16.623401934143331, "angle": 270.1618215609289 }, "geometry": { "type": "Point", "coordinates": [ 5.569687, 52.509613, 2647.0 ] } },
{ "type": "Feature", "properties": { "Name": "PH-NXH", "description": null, "timestamp": null, "begin": "2025-05-24T11:24:59.393Z", "end": "2025-05-24T13:41:05.445Z", "altitudeMode": null, "tessellate": -1, "extrude": 0, "visibility": -1, "drawOrder": null, "icon": null, "vertex_index": 602, "vertex_part": 0, "vertex_part_index": 602, "distance": 16.632517672182569, "angle": 267.58794376580795 }, "geometry": { "type": "Point", "coordinates": [ 5.560573, 52.509435, 2616.0 ] } },
{ "type": "Feature", "properties": { "Name": "PH-NXH", "description": null, "timestamp": null, "begin": "2025-05-24T11:24:59.393Z", "end": "2025-05-24T13:41:05.445Z", "altitudeMode": null, "tessellate": -1, "extrude": 0, "visibility": -1, "drawOrder": null, "icon": null, "vertex_index": 603, "vertex_part": 0, "vertex_part_index": 603, "distance": 16.641167753396061, "angle": 265.09490818176772 }, "geometry": { "type": "Point", "coordinates": [ 5.551941, 52.508876, 2571.0 ] } },
{ "type": "Feature", "properties": { "Name": "PH-NXH", "description": null, "timestamp": null, "begin": "2025-05-24T11:24:59.393Z", "end": "2025-05-24T13:41:05.445Z", "altitudeMode": null, "tessellate": -1, "extrude": 0, "visibility": -1, "drawOrder": null, "icon": null, "vertex_index": 604, "vertex_part": 0, "vertex_part_index": 604, "distance": 16.650796359318001, "angle": 263.03953439246317 }, "geometry": { "type": "Point", "coordinates": [ 5.542367, 52.507852, 2548.0 ] } },
{ "type": "Feature", "properties": { "Name": "PH-NXH", "description": null, "timestamp": null, "begin": "2025-05-24T11:24:59.393Z", "end": "2025-05-24T13:41:05.445Z", "altitudeMode": null, "tessellate": -1, "extrude": 0, "visibility": -1, "drawOrder": null, "icon": null, "vertex_index": 605, "vertex_part": 0, "vertex_part_index": 605, "distance": 16.665113365464538, "angle": 262.27487152757305 }, "geometry": { "type": "Point", "coordinates": [ 5.528183, 52.505905, 2487.0 ] } },
{ "type": "Feature", "properties": { "Name": "PH-NXH", "description": null, "timestamp": null, "begin": "2025-05-24T11:24:59.393Z", "end": "2025-05-24T13:41:05.445Z", "altitudeMode": null, "tessellate": -1, "extrude": 0, "visibility": -1, "drawOrder": null, "icon": null, "vertex_index": 606, "vertex_part": 0, "vertex_part_index": 606, "distance": 16.679543268201559, "angle": 262.38635250846886 }, "geometry": { "type": "Point", "coordinates": [ 5.513881, 52.503988, 2426.0 ] } },
{ "type": "Feature", "properties": { "Name": "PH-NXH", "description": null, "timestamp": null, "begin": "2025-05-24T11:24:59.393Z", "end": "2025-05-24T13:41:05.445Z", "altitudeMode": null, "tessellate": -1, "extrude": 0, "visibility": -1, "drawOrder": null, "icon": null, "vertex_index": 607, "vertex_part": 0, "vertex_part_index": 607, "distance": 16.69363482837068, "angle": 262.38330648588931 }, "geometry": { "type": "Point", "coordinates": [ 5.499913, 52.502126, 2373.0 ] } },
{ "type": "Feature", "properties": { "Name": "PH-NXH", "description": null, "timestamp": null, "begin": "2025-05-24T11:24:59.393Z", "end": "2025-05-24T13:41:05.445Z", "altitudeMode": null, "tessellate": -1, "extrude": 0, "visibility": -1, "drawOrder": null, "icon": null, "vertex_index": 608, "vertex_part": 0, "vertex_part_index": 608, "distance": 16.707218421599279, "angle": 262.41431019548463 }, "geometry": { "type": "Point", "coordinates": [ 5.48645, 52.50032, 2319.0 ] } },
{ "type": "Feature", "properties": { "Name": "PH-NXH", "description": null, "timestamp": null, "begin": "2025-05-24T11:24:59.393Z", "end": "2025-05-24T13:41:05.445Z", "altitudeMode": null, "tessellate": -1, "extrude": 0, "visibility": -1, "drawOrder": null, "icon": null, "vertex_index": 609, "vertex_part": 0, "vertex_part_index": 609, "distance": 16.721501627961999, "angle": 262.49112023608683 }, "geometry": { "type": "Point", "coordinates": [ 5.47229, 52.498448, 2266.0 ] } },
{ "type": "Feature", "properties": { "Name": "PH-NXH", "description": null, "timestamp": null, "begin": "2025-05-24T11:24:59.393Z", "end": "2025-05-24T13:41:05.445Z", "altitudeMode": null, "tessellate": -1, "extrude": 0, "visibility": -1, "drawOrder": null, "icon": null, "vertex_index": 610, "vertex_part": 0, "vertex_part_index": 610, "distance": 16.73543137835459, "angle": 262.47546896342226 }, "geometry": { "type": "Point", "coordinates": [ 5.458479, 52.496633, 2213.0 ] } },
{ "type": "Feature", "properties": { "Name": "PH-NXH", "description": null, "timestamp": null, "begin": "2025-05-24T11:24:59.393Z", "end": "2025-05-24T13:41:05.445Z", "altitudeMode": null, "tessellate": -1, "extrude": 0, "visibility": -1, "drawOrder": null, "icon": null, "vertex_index": 611, "vertex_part": 0, "vertex_part_index": 611, "distance": 16.750544830805971, "angle": 262.41979594837949 }, "geometry": { "type": "Point", "coordinates": [ 5.443497, 52.494644, 2159.0 ] } },
{ "type": "Feature", "properties": { "Name": "PH-NXH", "description": null, "timestamp": null, "begin": "2025-05-24T11:24:59.393Z", "end": "2025-05-24T13:41:05.445Z", "altitudeMode": null, "tessellate": -1, "extrude": 0, "visibility": -1, "drawOrder": null, "icon": null, "vertex_index": 612, "vertex_part": 0, "vertex_part_index": 612, "distance": 16.761556513738199, "angle": 262.42024492246685 }, "geometry": { "type": "Point", "coordinates": [ 5.432582, 52.493188, 2121.0 ] } },
{ "type": "Feature", "properties": { "Name": "PH-NXH", "description": null, "timestamp": null, "begin": "2025-05-24T11:24:59.393Z", "end": "2025-05-24T13:41:05.445Z", "altitudeMode": null, "tessellate": -1, "extrude": 0, "visibility": -1, "drawOrder": null, "icon": null, "vertex_index": 613, "vertex_part": 0, "vertex_part_index": 613, "distance": 16.771017785640009, "angle": 262.3334922661254 }, "geometry": { "type": "Point", "coordinates": [ 5.423203, 52.491943, 2091.0 ] } },
{ "type": "Feature", "properties": { "Name": "PH-NXH", "description": null, "timestamp": null, "begin": "2025-05-24T11:24:59.393Z", "end": "2025-05-24T13:41:05.445Z", "altitudeMode": null, "tessellate": -1, "extrude": 0, "visibility": -1, "drawOrder": null, "icon": null, "vertex_index": 614, "vertex_part": 0, "vertex_part_index": 614, "distance": 16.783877905585019, "angle": 262.33747935119055 }, "geometry": { "type": "Point", "coordinates": [ 5.410461, 52.490204, 2068.0 ] } },
{ "type": "Feature", "properties": { "Name": "PH-NXH", "description": null, "timestamp": null, "begin": "2025-05-24T11:24:59.393Z", "end": "2025-05-24T13:41:05.445Z", "altitudeMode": null, "tessellate": -1, "extrude": 0, "visibility": -1, "drawOrder": null, "icon": null, "vertex_index": 615, "vertex_part": 0, "vertex_part_index": 615, "distance": 16.79049633598807, "angle": 262.39034833649089 }, "geometry": { "type": "Point", "coordinates": [ 5.4039, 52.489334, 2060.0 ] } },
{ "type": "Feature", "properties": { "Name": "PH-NXH", "description": null, "timestamp": null, "begin": "2025-05-24T11:24:59.393Z", "end": "2025-05-24T13:41:05.445Z", "altitudeMode": null, "tessellate": -1, "extrude": 0, "visibility": -1, "drawOrder": null, "icon": null, "vertex_index": 616, "vertex_part": 0, "vertex_part_index": 616, "distance": 16.799642072481099, "angle": 262.28855691779086 }, "geometry": { "type": "Point", "coordinates": [ 5.394836, 52.488114, 2053.0 ] } },
{ "type": "Feature", "properties": { "Name": "PH-NXH", "description": null, "timestamp": null, "begin": "2025-05-24T11:24:59.393Z", "end": "2025-05-24T13:41:05.445Z", "altitudeMode": null, "tessellate": -1, "extrude": 0, "visibility": -1, "drawOrder": null, "icon": null, "vertex_index": 617, "vertex_part": 0, "vertex_part_index": 617, "distance": 16.807895597788509, "angle": 262.30120505314943 }, "geometry": { "type": "Point", "coordinates": [ 5.386658, 52.487, 2053.0 ] } },
{ "type": "Feature", "properties": { "Name": "PH-NXH", "description": null, "timestamp": null, "begin": "2025-05-24T11:24:59.393Z", "end": "2025-05-24T13:41:05.445Z", "altitudeMode": null, "tessellate": -1, "extrude": 0, "visibility": -1, "drawOrder": null, "icon": null, "vertex_index": 618, "vertex_part": 0, "vertex_part_index": 618, "distance": 16.817379801550558, "angle": 262.45403029103147 }, "geometry": { "type": "Point", "coordinates": [ 5.377258, 52.485739, 2045.0 ] } },
{ "type": "Feature", "properties": { "Name": "PH-NXH", "description": null, "timestamp": null, "begin": "2025-05-24T11:24:59.393Z", "end": "2025-05-24T13:41:05.445Z", "altitudeMode": null, "tessellate": -1, "extrude": 0, "visibility": -1, "drawOrder": null, "icon": null, "vertex_index": 619, "vertex_part": 0, "vertex_part_index": 619, "distance": 16.828136640351989, "angle": 262.45558536658007 }, "geometry": { "type": "Point", "coordinates": [ 5.366592, 52.484344, 2037.0 ] } },
{ "type": "Feature", "properties": { "Name": "PH-NXH", "description": null, "timestamp": null, "begin": "2025-05-24T11:24:59.393Z", "end": "2025-05-24T13:41:05.445Z", "altitudeMode": null, "tessellate": -1, "extrude": 0, "visibility": -1, "drawOrder": null, "icon": null, "vertex_index": 620, "vertex_part": 0, "vertex_part_index": 620, "distance": 16.837248472330248, "angle": 262.32840791588592 }, "geometry": { "type": "Point", "coordinates": [ 5.357561, 52.483133, 2030.0 ] } },
{ "type": "Feature", "properties": { "Name": "PH-NXH", "description": null, "timestamp": null, "begin": "2025-05-24T11:24:59.393Z", "end": "2025-05-24T13:41:05.445Z", "altitudeMode": null, "tessellate": -1, "extrude": 0, "visibility": -1, "drawOrder": null, "icon": null, "vertex_index": 621, "vertex_part": 0, "vertex_part_index": 621, "distance": 16.848017721143421, "angle": 262.35703531505453 }, "geometry": { "type": "Point", "coordinates": [ 5.346889, 52.481689, 2007.0 ] } },
{ "type": "Feature", "properties": { "Name": "PH-NXH", "description": null, "timestamp": null, "begin": "2025-05-24T11:24:59.393Z", "end": "2025-05-24T13:41:05.445Z", "altitudeMode": null, "tessellate": -1, "extrude": 0, "visibility": -1, "drawOrder": null, "icon": null, "vertex_index": 622, "vertex_part": 0, "vertex_part_index": 622, "distance": 16.860851876082489, "angle": 262.30852118056805 }, "geometry": { "type": "Point", "coordinates": [ 5.334167, 52.479996, 1976.0 ] } },
{ "type": "Feature", "properties": { "Name": "PH-NXH", "description": null, "timestamp": null, "begin": "2025-05-24T11:24:59.393Z", "end": "2025-05-24T13:41:05.445Z", "altitudeMode": null, "tessellate": -1, "extrude": 0, "visibility": -1, "drawOrder": null, "icon": null, "vertex_index": 623, "vertex_part": 0, "vertex_part_index": 623, "distance": 16.871694262720119, "angle": 262.20492565917505 }, "geometry": { "type": "Point", "coordinates": [ 5.323425, 52.478524, 1946.0 ] } },
{ "type": "Feature", "properties": { "Name": "PH-NXH", "description": null, "timestamp": null, "begin": "2025-05-24T11:24:59.393Z", "end": "2025-05-24T13:41:05.445Z", "altitudeMode": null, "tessellate": -1, "extrude": 0, "visibility": -1, "drawOrder": null, "icon": null, "vertex_index": 624, "vertex_part": 0, "vertex_part_index": 624, "distance": 16.881104042419992, "angle": 262.37922388138014 }, "geometry": { "type": "Point", "coordinates": [ 5.314102, 52.477249, 1915.0 ] } },
{ "type": "Feature", "properties": { "Name": "PH-NXH", "description": null, "timestamp": null, "begin": "2025-05-24T11:24:59.393Z", "end": "2025-05-24T13:41:05.445Z", "altitudeMode": null, "tessellate": -1, "extrude": 0, "visibility": -1, "drawOrder": null, "icon": null, "vertex_index": 625, "vertex_part": 0, "vertex_part_index": 625, "distance": 16.88956756816285, "angle": 262.63801070580161 }, "geometry": { "type": "Point", "coordinates": [ 5.30571, 52.476151, 1885.0 ] } },
{ "type": "Feature", "properties": { "Name": "PH-NXH", "description": null, "timestamp": null, "begin": "2025-05-24T11:24:59.393Z", "end": "2025-05-24T13:41:05.445Z", "altitudeMode": null, "tessellate": -1, "extrude": 0, "visibility": -1, "drawOrder": null, "icon": null, "vertex_index": 626, "vertex_part": 0, "vertex_part_index": 626, "distance": 16.89933508662968, "angle": 262.45851530963256 }, "geometry": { "type": "Point", "coordinates": [ 5.296021, 52.474915, 1854.0 ] } },
{ "type": "Feature", "properties": { "Name": "PH-NXH", "description": null, "timestamp": null, "begin": "2025-05-24T11:24:59.393Z", "end": "2025-05-24T13:41:05.445Z", "altitudeMode": null, "tessellate": -1, "extrude": 0, "visibility": -1, "drawOrder": null, "icon": null, "vertex_index": 627, "vertex_part": 0, "vertex_part_index": 627, "distance": 16.908743427716189, "angle": 176.09341793125603 }, "geometry": { "type": "Point", "coordinates": [ 5.2867, 52.473636, 1824.0 ] } },
{ "type": "Feature", "properties": { "Name": "PH-NXH", "description": null, "timestamp": null, "begin": "2025-05-24T11:24:59.393Z", "end": "2025-05-24T13:41:05.445Z", "altitudeMode": null, "tessellate": -1, "extrude": 0, "visibility": -1, "drawOrder": null, "icon": null, "vertex_index": 628, "vertex_part": 0, "vertex_part_index": 628, "distance": 16.908743427716189, "angle": 176.12743037581842 }, "geometry": { "type": "Point", "coordinates": [ 5.2867, 52.473636, 1824.0 ] } },
{ "type": "Feature", "properties": { "Name": "PH-NXH", "description": null, "timestamp": null, "begin": "2025-05-24T11:24:59.393Z", "end": "2025-05-24T13:41:05.445Z", "altitudeMode": null, "tessellate": -1, "extrude": 0, "visibility": -1, "drawOrder": null, "icon": null, "vertex_index": 629, "vertex_part": 0, "vertex_part_index": 629, "distance": 16.918278412194422, "angle": 262.32932787698701 }, "geometry": { "type": "Point", "coordinates": [ 5.277252, 52.472351, 1793.0 ] } },
{ "type": "Feature", "properties": { "Name": "PH-NXH", "description": null, "timestamp": null, "begin": "2025-05-24T11:24:59.393Z", "end": "2025-05-24T13:41:05.445Z", "altitudeMode": null, "tessellate": -1, "extrude": 0, "visibility": -1, "drawOrder": null, "icon": null, "vertex_index": 630, "vertex_part": 0, "vertex_part_index": 630, "distance": 16.92797651989644, "angle": 262.27211472742829 }, "geometry": { "type": "Point", "coordinates": [ 5.267639, 52.471069, 1763.0 ] } },
{ "type": "Feature", "properties": { "Name": "PH-NXH", "description": null, "timestamp": null, "begin": "2025-05-24T11:24:59.393Z", "end": "2025-05-24T13:41:05.445Z", "altitudeMode": null, "tessellate": -1, "extrude": 0, "visibility": -1, "drawOrder": null, "icon": null, "vertex_index": 631, "vertex_part": 0, "vertex_part_index": 631, "distance": 16.937680678695632, "angle": 262.19941741011934 }, "geometry": { "type": "Point", "coordinates": [ 5.258026, 52.469742, 1732.0 ] } },
{ "type": "Feature", "properties": { "Name": "PH-NXH", "description": null, "timestamp": null, "begin": "2025-05-24T11:24:59.393Z", "end": "2025-05-24T13:41:05.445Z", "altitudeMode": null, "tessellate": -1, "extrude": 0, "visibility": -1, "drawOrder": null, "icon": null, "vertex_index": 632, "vertex_part": 0, "vertex_part_index": 632, "distance": 16.94644051887682, "angle": 262.15308364044756 }, "geometry": { "type": "Point", "coordinates": [ 5.249346, 52.468562, 1702.0 ] } },
{ "type": "Feature", "properties": { "Name": "PH-NXH", "description": null, "timestamp": null, "begin": "2025-05-24T11:24:59.393Z", "end": "2025-05-24T13:41:05.445Z", "altitudeMode": null, "tessellate": -1, "extrude": 0, "visibility": -1, "drawOrder": null, "icon": null, "vertex_index": 633, "vertex_part": 0, "vertex_part_index": 633, "distance": 16.955779323136468, "angle": 262.09374658752705 }, "geometry": { "type": "Point", "coordinates": [ 5.240097, 52.46727, 1672.0 ] } },
{ "type": "Feature", "properties": { "Name": "PH-NXH", "description": null, "timestamp": null, "begin": "2025-05-24T11:24:59.393Z", "end": "2025-05-24T13:41:05.445Z", "altitudeMode": null, "tessellate": -1, "extrude": 0, "visibility": -1, "drawOrder": null, "icon": null, "vertex_index": 634, "vertex_part": 0, "vertex_part_index": 634, "distance": 16.96505850548192, "angle": 262.24877471031226 }, "geometry": { "type": "Point", "coordinates": [ 5.230905, 52.466001, 1641.0 ] } },
{ "type": "Feature", "properties": { "Name": "PH-NXH", "description": null, "timestamp": null, "begin": "2025-05-24T11:24:59.393Z", "end": "2025-05-24T13:41:05.445Z", "altitudeMode": null, "tessellate": -1, "extrude": 0, "visibility": -1, "drawOrder": null, "icon": null, "vertex_index": 635, "vertex_part": 0, "vertex_part_index": 635, "distance": 16.978360656323041, "angle": 262.34124267548452 }, "geometry": { "type": "Point", "coordinates": [ 5.217721, 52.464232, 1618.0 ] } },
{ "type": "Feature", "properties": { "Name": "PH-NXH", "description": null, "timestamp": null, "begin": "2025-05-24T11:24:59.393Z", "end": "2025-05-24T13:41:05.445Z", "altitudeMode": null, "tessellate": -1, "extrude": 0, "visibility": -1, "drawOrder": null, "icon": null, "vertex_index": 636, "vertex_part": 0, "vertex_part_index": 636, "distance": 16.98680632290419, "angle": 262.28608468245159 }, "geometry": { "type": "Point", "coordinates": [ 5.209351, 52.463104, 1611.0 ] } },
{ "type": "Feature", "properties": { "Name": "PH-NXH", "description": null, "timestamp": null, "begin": "2025-05-24T11:24:59.393Z", "end": "2025-05-24T13:41:05.445Z", "altitudeMode": null, "tessellate": -1, "extrude": 0, "visibility": -1, "drawOrder": null, "icon": null, "vertex_index": 637, "vertex_part": 0, "vertex_part_index": 637, "distance": 16.995969070145058, "angle": 262.34937000815262 }, "geometry": { "type": "Point", "coordinates": [ 5.200272, 52.461868, 1603.0 ] } },
{ "type": "Feature", "properties": { "Name": "PH-NXH", "description": null, "timestamp": null, "begin": "2025-05-24T11:24:59.393Z", "end": "2025-05-24T13:41:05.445Z", "altitudeMode": null, "tessellate": -1, "extrude": 0, "visibility": -1, "drawOrder": null, "icon": null, "vertex_index": 638, "vertex_part": 0, "vertex_part_index": 638, "distance": 17.008513790149909, "angle": 262.32788885860219 }, "geometry": { "type": "Point", "coordinates": [ 5.187836, 52.46022, 1580.0 ] } },
{ "type": "Feature", "properties": { "Name": "PH-NXH", "description": null, "timestamp": null, "begin": "2025-05-24T11:24:59.393Z", "end": "2025-05-24T13:41:05.445Z", "altitudeMode": null, "tessellate": -1, "extrude": 0, "visibility": -1, "drawOrder": null, "icon": null, "vertex_index": 639, "vertex_part": 0, "vertex_part_index": 639, "distance": 17.01771482052699, "angle": 262.17038200840284 }, "geometry": { "type": "Point", "coordinates": [ 5.17872, 52.458972, 1550.0 ] } },
{ "type": "Feature", "properties": { "Name": "PH-NXH", "description": null, "timestamp": null, "begin": "2025-05-24T11:24:59.393Z", "end": "2025-05-24T13:41:05.445Z", "altitudeMode": null, "tessellate": -1, "extrude": 0, "visibility": -1, "drawOrder": null, "icon": null, "vertex_index": 640, "vertex_part": 0, "vertex_part_index": 640, "distance": 17.02799852695998, "angle": 262.15009761396914 }, "geometry": { "type": "Point", "coordinates": [ 5.168533, 52.457565, 1519.0 ] } },
{ "type": "Feature", "properties": { "Name": "PH-NXH", "description": null, "timestamp": null, "begin": "2025-05-24T11:24:59.393Z", "end": "2025-05-24T13:41:05.445Z", "altitudeMode": null, "tessellate": -1, "extrude": 0, "visibility": -1, "drawOrder": null, "icon": null, "vertex_index": 641, "vertex_part": 0, "vertex_part_index": 641, "distance": 17.03739426136449, "angle": 262.29391059453076 }, "geometry": { "type": "Point", "coordinates": [ 5.159225, 52.456284, 1489.0 ] } },
{ "type": "Feature", "properties": { "Name": "PH-NXH", "description": null, "timestamp": null, "begin": "2025-05-24T11:24:59.393Z", "end": "2025-05-24T13:41:05.445Z", "altitudeMode": null, "tessellate": -1, "extrude": 0, "visibility": -1, "drawOrder": null, "icon": null, "vertex_index": 642, "vertex_part": 0, "vertex_part_index": 642, "distance": 17.047019283026799, "angle": 262.31284703802868 }, "geometry": { "type": "Point", "coordinates": [ 5.149684, 52.455015, 1458.0 ] } },
{ "type": "Feature", "properties": { "Name": "PH-NXH", "description": null, "timestamp": null, "begin": "2025-05-24T11:24:59.393Z", "end": "2025-05-24T13:41:05.445Z", "altitudeMode": null, "tessellate": -1, "extrude": 0, "visibility": -1, "drawOrder": null, "icon": null, "vertex_index": 643, "vertex_part": 0, "vertex_part_index": 643, "distance": 17.05656354627757, "angle": 262.20610803471209 }, "geometry": { "type": "Point", "coordinates": [ 5.140228, 52.45372, 1428.0 ] } },
{ "type": "Feature", "properties": { "Name": "PH-NXH", "description": null, "timestamp": null, "begin": "2025-05-24T11:24:59.393Z", "end": "2025-05-24T13:41:05.445Z", "altitudeMode": null, "tessellate": -1, "extrude": 0, "visibility": -1, "drawOrder": null, "icon": null, "vertex_index": 644, "vertex_part": 0, "vertex_part_index": 644, "distance": 17.066583002001309, "angle": 262.28028780144172 }, "geometry": { "type": "Point", "coordinates": [ 5.130301, 52.452362, 1397.0 ] } },
{ "type": "Feature", "properties": { "Name": "PH-NXH", "description": null, "timestamp": null, "begin": "2025-05-24T11:24:59.393Z", "end": "2025-05-24T13:41:05.445Z", "altitudeMode": null, "tessellate": -1, "extrude": 0, "visibility": -1, "drawOrder": null, "icon": null, "vertex_index": 645, "vertex_part": 0, "vertex_part_index": 645, "distance": 17.077430542598151, "angle": 262.25088356525589 }, "geometry": { "type": "Point", "coordinates": [ 5.11955, 52.450918, 1367.0 ] } },
{ "type": "Feature", "properties": { "Name": "PH-NXH", "description": null, "timestamp": null, "begin": "2025-05-24T11:24:59.393Z", "end": "2025-05-24T13:41:05.445Z", "altitudeMode": null, "tessellate": -1, "extrude": 0, "visibility": -1, "drawOrder": null, "icon": null, "vertex_index": 646, "vertex_part": 0, "vertex_part_index": 646, "distance": 17.088678908923971, "angle": 262.19495750964307 }, "geometry": { "type": "Point", "coordinates": [ 5.108407, 52.449382, 1336.0 ] } },
{ "type": "Feature", "properties": { "Name": "PH-NXH", "description": null, "timestamp": null, "begin": "2025-05-24T11:24:59.393Z", "end": "2025-05-24T13:41:05.445Z", "altitudeMode": null, "tessellate": -1, "extrude": 0, "visibility": -1, "drawOrder": null, "icon": null, "vertex_index": 647, "vertex_part": 0, "vertex_part_index": 647, "distance": 17.100400294720881, "angle": 262.29501406768367 }, "geometry": { "type": "Point", "coordinates": [ 5.096793, 52.447799, 1313.0 ] } },
{ "type": "Feature", "properties": { "Name": "PH-NXH", "description": null, "timestamp": null, "begin": "2025-05-24T11:24:59.393Z", "end": "2025-05-24T13:41:05.445Z", "altitudeMode": null, "tessellate": -1, "extrude": 0, "visibility": -1, "drawOrder": null, "icon": null, "vertex_index": 648, "vertex_part": 0, "vertex_part_index": 648, "distance": 17.10879295895818, "angle": 262.27765817847177 }, "geometry": { "type": "Point", "coordinates": [ 5.088475, 52.446682, 1283.0 ] } },
{ "type": "Feature", "properties": { "Name": "PH-NXH", "description": null, "timestamp": null, "begin": "2025-05-24T11:24:59.393Z", "end": "2025-05-24T13:41:05.445Z", "altitudeMode": null, "tessellate": -1, "extrude": 0, "visibility": -1, "drawOrder": null, "icon": null, "vertex_index": 649, "vertex_part": 0, "vertex_part_index": 649, "distance": 17.117314730194259, "angle": 262.18078983340092 }, "geometry": { "type": "Point", "coordinates": [ 5.080032, 52.445526, 1252.0 ] } },
{ "type": "Feature", "properties": { "Name": "PH-NXH", "description": null, "timestamp": null, "begin": "2025-05-24T11:24:59.393Z", "end": "2025-05-24T13:41:05.445Z", "altitudeMode": null, "tessellate": -1, "extrude": 0, "visibility": -1, "drawOrder": null, "icon": null, "vertex_index": 650, "vertex_part": 0, "vertex_part_index": 650, "distance": 17.126710600989451, "angle": 262.13370367023612 }, "geometry": { "type": "Point", "coordinates": [ 5.070724, 52.444244, 1222.0 ] } },
{ "type": "Feature", "properties": { "Name": "PH-NXH", "description": null, "timestamp": null, "begin": "2025-05-24T11:24:59.393Z", "end": "2025-05-24T13:41:05.445Z", "altitudeMode": null, "tessellate": -1, "extrude": 0, "visibility": -1, "drawOrder": null, "icon": null, "vertex_index": 651, "vertex_part": 0, "vertex_part_index": 651, "distance": 17.136755706314929, "angle": 262.11622760418118 }, "geometry": { "type": "Point", "coordinates": [ 5.060774, 52.442865, 1191.0 ] } },
{ "type": "Feature", "properties": { "Name": "PH-NXH", "description": null, "timestamp": null, "begin": "2025-05-24T11:24:59.393Z", "end": "2025-05-24T13:41:05.445Z", "altitudeMode": null, "tessellate": -1, "extrude": 0, "visibility": -1, "drawOrder": null, "icon": null, "vertex_index": 652, "vertex_part": 0, "vertex_part_index": 652, "distance": 17.147737323181321, "angle": 262.05847854041826 }, "geometry": { "type": "Point", "coordinates": [ 5.049896, 52.44136, 1161.0 ] } },
{ "type": "Feature", "properties": { "Name": "PH-NXH", "description": null, "timestamp": null, "begin": "2025-05-24T11:24:59.393Z", "end": "2025-05-24T13:41:05.445Z", "altitudeMode": null, "tessellate": -1, "extrude": 0, "visibility": -1, "drawOrder": null, "icon": null, "vertex_index": 653, "vertex_part": 0, "vertex_part_index": 653, "distance": 17.157990254128119, "angle": 262.2772968941112 }, "geometry": { "type": "Point", "coordinates": [ 5.039743, 52.439932, 1138.0 ] } },
{ "type": "Feature", "properties": { "Name": "PH-NXH", "description": null, "timestamp": null, "begin": "2025-05-24T11:24:59.393Z", "end": "2025-05-24T13:41:05.445Z", "altitudeMode": null, "tessellate": -1, "extrude": 0, "visibility": -1, "drawOrder": null, "icon": null, "vertex_index": 654, "vertex_part": 0, "vertex_part_index": 654, "distance": 17.168524930772431, "angle": 262.28819919325633 }, "geometry": { "type": "Point", "coordinates": [ 5.029297, 52.438568, 1108.0 ] } },
{ "type": "Feature", "properties": { "Name": "PH-NXH", "description": null, "timestamp": null, "begin": "2025-05-24T11:24:59.393Z", "end": "2025-05-24T13:41:05.445Z", "altitudeMode": null, "tessellate": -1, "extrude": 0, "visibility": -1, "drawOrder": null, "icon": null, "vertex_index": 655, "vertex_part": 0, "vertex_part_index": 655, "distance": 17.17807854003804, "angle": 262.14615098944978 }, "geometry": { "type": "Point", "coordinates": [ 5.019836, 52.437241, 1092.0 ] } },
{ "type": "Feature", "properties": { "Name": "PH-NXH", "description": null, "timestamp": null, "begin": "2025-05-24T11:24:59.393Z", "end": "2025-05-24T13:41:05.445Z", "altitudeMode": null, "tessellate": -1, "extrude": 0, "visibility": -1, "drawOrder": null, "icon": null, "vertex_index": 656, "vertex_part": 0, "vertex_part_index": 656, "distance": 17.185072992196709, "angle": 262.10442170630654 }, "geometry": { "type": "Point", "coordinates": [ 5.012905, 52.436301, 1085.0 ] } },
{ "type": "Feature", "properties": { "Name": "PH-NXH", "description": null, "timestamp": null, "begin": "2025-05-24T11:24:59.393Z", "end": "2025-05-24T13:41:05.445Z", "altitudeMode": null, "tessellate": -1, "extrude": 0, "visibility": -1, "drawOrder": null, "icon": null, "vertex_index": 657, "vertex_part": 0, "vertex_part_index": 657, "distance": 17.194029636266901, "angle": 262.01213062634332 }, "geometry": { "type": "Point", "coordinates": [ 5.004037, 52.435044, 1062.0 ] } },
{ "type": "Feature", "properties": { "Name": "PH-NXH", "description": null, "timestamp": null, "begin": "2025-05-24T11:24:59.393Z", "end": "2025-05-24T13:41:05.445Z", "altitudeMode": null, "tessellate": -1, "extrude": 0, "visibility": -1, "drawOrder": null, "icon": null, "vertex_index": 658, "vertex_part": 0, "vertex_part_index": 658, "distance": 17.20282427218887, "angle": 262.32494674274176 }, "geometry": { "type": "Point", "coordinates": [ 4.995326, 52.433834, 1031.0 ] } },
{ "type": "Feature", "properties": { "Name": "PH-NXH", "description": null, "timestamp": null, "begin": "2025-05-24T11:24:59.393Z", "end": "2025-05-24T13:41:05.445Z", "altitudeMode": null, "tessellate": -1, "extrude": 0, "visibility": -1, "drawOrder": null, "icon": null, "vertex_index": 659, "vertex_part": 0, "vertex_part_index": 659, "distance": 17.212575412122231, "angle": 261.94178909066142 }, "geometry": { "type": "Point", "coordinates": [ 4.985657, 52.432571, 1009.0 ] } },
{ "type": "Feature", "properties": { "Name": "PH-NXH", "description": null, "timestamp": null, "begin": "2025-05-24T11:24:59.393Z", "end": "2025-05-24T13:41:05.445Z", "altitudeMode": null, "tessellate": -1, "extrude": 0, "visibility": -1, "drawOrder": null, "icon": null, "vertex_index": 660, "vertex_part": 0, "vertex_part_index": 660, "distance": 17.221374055938181, "angle": 258.84954792055095 }, "geometry": { "type": "Point", "coordinates": [ 4.976959, 52.431244, 986.0 ] } },
{ "type": "Feature", "properties": { "Name": "PH-NXH", "description": null, "timestamp": null, "begin": "2025-05-24T11:24:59.393Z", "end": "2025-05-24T13:41:05.445Z", "altitudeMode": null, "tessellate": -1, "extrude": 0, "visibility": -1, "drawOrder": null, "icon": null, "vertex_index": 661, "vertex_part": 0, "vertex_part_index": 661, "distance": 17.225003209282971, "angle": 254.38722140693196 }, "geometry": { "type": "Point", "coordinates": [ 4.973432, 52.430389, 978.0 ] } },
{ "type": "Feature", "properties": { "Name": "PH-NXH", "description": null, "timestamp": null, "begin": "2025-05-24T11:24:59.393Z", "end": "2025-05-24T13:41:05.445Z", "altitudeMode": null, "tessellate": -1, "extrude": 0, "visibility": -1, "drawOrder": null, "icon": null, "vertex_index": 662, "vertex_part": 0, "vertex_part_index": 662, "distance": 17.2276259652762, "angle": 249.64506226686615 }, "geometry": { "type": "Point", "coordinates": [ 4.970932, 52.429596, 963.0 ] } },
{ "type": "Feature", "properties": { "Name": "PH-NXH", "description": null, "timestamp": null, "begin": "2025-05-24T11:24:59.393Z", "end": "2025-05-24T13:41:05.445Z", "altitudeMode": null, "tessellate": -1, "extrude": 0, "visibility": -1, "drawOrder": null, "icon": null, "vertex_index": 663, "vertex_part": 0, "vertex_part_index": 663, "distance": 17.230112518110939, "angle": 245.11714770275475 }, "geometry": { "type": "Point", "coordinates": [ 4.968645, 52.42862, 963.0 ] } },
{ "type": "Feature", "properties": { "Name": "PH-NXH", "description": null, "timestamp": null, "begin": "2025-05-24T11:24:59.393Z", "end": "2025-05-24T13:41:05.445Z", "altitudeMode": null, "tessellate": -1, "extrude": 0, "visibility": -1, "drawOrder": null, "icon": null, "vertex_index": 664, "vertex_part": 0, "vertex_part_index": 664, "distance": 17.23239509910622, "angle": 240.86882067653249 }, "geometry": { "type": "Point", "coordinates": [ 4.966605, 52.427596, 955.0 ] } },
{ "type": "Feature", "properties": { "Name": "PH-NXH", "description": null, "timestamp": null, "begin": "2025-05-24T11:24:59.393Z", "end": "2025-05-24T13:41:05.445Z", "altitudeMode": null, "tessellate": -1, "extrude": 0, "visibility": -1, "drawOrder": null, "icon": null, "vertex_index": 665, "vertex_part": 0, "vertex_part_index": 665, "distance": 17.234883186122389, "angle": 236.91676148160795 }, "geometry": { "type": "Point", "coordinates": [ 4.964486, 52.426292, 948.0 ] } },
{ "type": "Feature", "properties": { "Name": "PH-NXH", "description": null, "timestamp": null, "begin": "2025-05-24T11:24:59.393Z", "end": "2025-05-24T13:41:05.445Z", "altitudeMode": null, "tessellate": -1, "extrude": 0, "visibility": -1, "drawOrder": null, "icon": null, "vertex_index": 666, "vertex_part": 0, "vertex_part_index": 666, "distance": 17.240790590459309, "angle": 234.72821896026232 }, "geometry": { "type": "Point", "coordinates": [ 4.959621, 52.422941, 917.0 ] } },
{ "type": "Feature", "properties": { "Name": "PH-NXH", "description": null, "timestamp": null, "begin": "2025-05-24T11:24:59.393Z", "end": "2025-05-24T13:41:05.445Z", "altitudeMode": null, "tessellate": -1, "extrude": 0, "visibility": -1, "drawOrder": null, "icon": null, "vertex_index": 667, "vertex_part": 0, "vertex_part_index": 667, "distance": 17.2472885661441, "angle": 234.41869202158901 }, "geometry": { "type": "Point", "coordinates": [ 4.954363, 52.419123, 887.0 ] } },
{ "type": "Feature", "properties": { "Name": "PH-NXH", "description": null, "timestamp": null, "begin": "2025-05-24T11:24:59.393Z", "end": "2025-05-24T13:41:05.445Z", "altitudeMode": null, "tessellate": -1, "extrude": 0, "visibility": -1, "drawOrder": null, "icon": null, "vertex_index": 668, "vertex_part": 0, "vertex_part_index": 668, "distance": 17.253900048353099, "angle": 234.94338590517148 }, "geometry": { "type": "Point", "coordinates": [ 4.948959, 52.415314, 856.0 ] } },
{ "type": "Feature", "properties": { "Name": "PH-NXH", "description": null, "timestamp": null, "begin": "2025-05-24T11:24:59.393Z", "end": "2025-05-24T13:41:05.445Z", "altitudeMode": null, "tessellate": -1, "extrude": 0, "visibility": -1, "drawOrder": null, "icon": null, "vertex_index": 669, "vertex_part": 0, "vertex_part_index": 669, "distance": 17.259847838867241, "angle": 235.4556567615482 }, "geometry": { "type": "Point", "coordinates": [ 4.944083, 52.411908, 818.0 ] } },
{ "type": "Feature", "properties": { "Name": "PH-NXH", "description": null, "timestamp": null, "begin": "2025-05-24T11:24:59.393Z", "end": "2025-05-24T13:41:05.445Z", "altitudeMode": null, "tessellate": -1, "extrude": 0, "visibility": -1, "drawOrder": null, "icon": null, "vertex_index": 670, "vertex_part": 0, "vertex_part_index": 670, "distance": 17.265848781876461, "angle": 235.55750290838031 }, "geometry": { "type": "Point", "coordinates": [ 4.939117, 52.408539, 788.0 ] } },
{ "type": "Feature", "properties": { "Name": "PH-NXH", "description": null, "timestamp": null, "begin": "2025-05-24T11:24:59.393Z", "end": "2025-05-24T13:41:05.445Z", "altitudeMode": null, "tessellate": -1, "extrude": 0, "visibility": -1, "drawOrder": null, "icon": null, "vertex_index": 671, "vertex_part": 0, "vertex_part_index": 671, "distance": 17.272028885597269, "angle": 235.38052121374832 }, "geometry": { "type": "Point", "coordinates": [ 4.934038, 52.405018, 765.0 ] } },
{ "type": "Feature", "properties": { "Name": "PH-NXH", "description": null, "timestamp": null, "begin": "2025-05-24T11:24:59.393Z", "end": "2025-05-24T13:41:05.445Z", "altitudeMode": null, "tessellate": -1, "extrude": 0, "visibility": -1, "drawOrder": null, "icon": null, "vertex_index": 672, "vertex_part": 0, "vertex_part_index": 672, "distance": 17.277530962023501, "angle": 235.58582184965732 }, "geometry": { "type": "Point", "coordinates": [ 4.929504, 52.401901, 734.0 ] } },
{ "type": "Feature", "properties": { "Name": "PH-NXH", "description": null, "timestamp": null, "begin": "2025-05-24T11:24:59.393Z", "end": "2025-05-24T13:41:05.445Z", "altitudeMode": null, "tessellate": -1, "extrude": 0, "visibility": -1, "drawOrder": null, "icon": null, "vertex_index": 673, "vertex_part": 0, "vertex_part_index": 673, "distance": 17.283727893522229, "angle": 235.76011144334004 }, "geometry": { "type": "Point", "coordinates": [ 4.924386, 52.398407, 704.0 ] } },
{ "type": "Feature", "properties": { "Name": "PH-NXH", "description": null, "timestamp": null, "begin": "2025-05-24T11:24:59.393Z", "end": "2025-05-24T13:41:05.445Z", "altitudeMode": null, "tessellate": -1, "extrude": 0, "visibility": -1, "drawOrder": null, "icon": null, "vertex_index": 674, "vertex_part": 0, "vertex_part_index": 674, "distance": 17.28989719826426, "angle": 235.66792316562447 }, "geometry": { "type": "Point", "coordinates": [ 4.919281, 52.394943, 673.0 ] } },
{ "type": "Feature", "properties": { "Name": "PH-NXH", "description": null, "timestamp": null, "begin": "2025-05-24T11:24:59.393Z", "end": "2025-05-24T13:41:05.445Z", "altitudeMode": null, "tessellate": -1, "extrude": 0, "visibility": -1, "drawOrder": null, "icon": null, "vertex_index": 675, "vertex_part": 0, "vertex_part_index": 675, "distance": 17.296271626081719, "angle": 235.38061422198516 }, "geometry": { "type": "Point", "coordinates": [ 4.914028, 52.391332, 643.0 ] } },
{ "type": "Feature", "properties": { "Name": "PH-NXH", "description": null, "timestamp": null, "begin": "2025-05-24T11:24:59.393Z", "end": "2025-05-24T13:41:05.445Z", "altitudeMode": null, "tessellate": -1, "extrude": 0, "visibility": -1, "drawOrder": null, "icon": null, "vertex_index": 676, "vertex_part": 0, "vertex_part_index": 676, "distance": 17.302226765458759, "angle": 235.39008348920919 }, "geometry": { "type": "Point", "coordinates": [ 4.909134, 52.387939, 612.0 ] } },
{ "type": "Feature", "properties": { "Name": "PH-NXH", "description": null, "timestamp": null, "begin": "2025-05-24T11:24:59.393Z", "end": "2025-05-24T13:41:05.445Z", "altitudeMode": null, "tessellate": -1, "extrude": 0, "visibility": -1, "drawOrder": null, "icon": null, "vertex_index": 677, "vertex_part": 0, "vertex_part_index": 677, "distance": 17.308613090849779, "angle": 235.59027815532983 }, "geometry": { "type": "Point", "coordinates": [ 4.90387, 52.384323, 582.0 ] } },
{ "type": "Feature", "properties": { "Name": "PH-NXH", "description": null, "timestamp": null, "begin": "2025-05-24T11:24:59.393Z", "end": "2025-05-24T13:41:05.445Z", "altitudeMode": null, "tessellate": -1, "extrude": 0, "visibility": -1, "drawOrder": null, "icon": null, "vertex_index": 678, "vertex_part": 0, "vertex_part_index": 678, "distance": 17.314618376022029, "angle": 235.44825397376593 }, "geometry": { "type": "Point", "coordinates": [ 4.898911, 52.380936, 551.0 ] } },
{ "type": "Feature", "properties": { "Name": "PH-NXH", "description": null, "timestamp": null, "begin": "2025-05-24T11:24:59.393Z", "end": "2025-05-24T13:41:05.445Z", "altitudeMode": null, "tessellate": -1, "extrude": 0, "visibility": -1, "drawOrder": null, "icon": null, "vertex_index": 679, "vertex_part": 0, "vertex_part_index": 679, "distance": 17.321120340725098, "angle": 235.10451019872124 }, "geometry": { "type": "Point", "coordinates": [ 4.89357, 52.377228, 521.0 ] } },
{ "type": "Feature", "properties": { "Name": "PH-NXH", "description": null, "timestamp": null, "begin": "2025-05-24T11:24:59.393Z", "end": "2025-05-24T13:41:05.445Z", "altitudeMode": null, "tessellate": -1, "extrude": 0, "visibility": -1, "drawOrder": null, "icon": null, "vertex_index": 680, "vertex_part": 0, "vertex_part_index": 680, "distance": 17.32785704949125, "angle": 235.11732118788092 }, "geometry": { "type": "Point", "coordinates": [ 4.888053, 52.373362, 498.0 ] } },
{ "type": "Feature", "properties": { "Name": "PH-NXH", "description": null, "timestamp": null, "begin": "2025-05-24T11:24:59.393Z", "end": "2025-05-24T13:41:05.445Z", "altitudeMode": null, "tessellate": -1, "extrude": 0, "visibility": -1, "drawOrder": null, "icon": null, "vertex_index": 681, "vertex_part": 0, "vertex_part_index": 681, "distance": 17.33406491909362, "angle": 235.17200056904397 }, "geometry": { "type": "Point", "coordinates": [ 4.882952, 52.369824, 468.0 ] } },
{ "type": "Feature", "properties": { "Name": "PH-NXH", "description": null, "timestamp": null, "begin": "2025-05-24T11:24:59.393Z", "end": "2025-05-24T13:41:05.445Z", "altitudeMode": null, "tessellate": -1, "extrude": 0, "visibility": -1, "drawOrder": null, "icon": null, "vertex_index": 682, "vertex_part": 0, "vertex_part_index": 682, "distance": 17.340571920860949, "angle": 234.92336747079176 }, "geometry": { "type": "Point", "coordinates": [ 4.877616, 52.3661, 445.0 ] } },
{ "type": "Feature", "properties": { "Name": "PH-NXH", "description": null, "timestamp": null, "begin": "2025-05-24T11:24:59.393Z", "end": "2025-05-24T13:41:05.445Z", "altitudeMode": null, "tessellate": -1, "extrude": 0, "visibility": -1, "drawOrder": null, "icon": null, "vertex_index": 683, "vertex_part": 0, "vertex_part_index": 683, "distance": 17.347105357628841, "angle": 235.09825174964797 }, "geometry": { "type": "Point", "coordinates": [ 4.87228, 52.36233, 414.0 ] } },
{ "type": "Feature", "properties": { "Name": "PH-NXH", "description": null, "timestamp": null, "begin": "2025-05-24T11:24:59.393Z", "end": "2025-05-24T13:41:05.445Z", "altitudeMode": null, "tessellate": -1, "extrude": 0, "visibility": -1, "drawOrder": null, "icon": null, "vertex_index": 684, "vertex_part": 0, "vertex_part_index": 684, "distance": 17.353014152768289, "angle": 235.37327540782775 }, "geometry": { "type": "Point", "coordinates": [ 4.867414, 52.358978, 384.0 ] } },
{ "type": "Feature", "properties": { "Name": "PH-NXH", "description": null, "timestamp": null, "begin": "2025-05-24T11:24:59.393Z", "end": "2025-05-24T13:41:05.445Z", "altitudeMode": null, "tessellate": -1, "extrude": 0, "visibility": -1, "drawOrder": null, "icon": null, "vertex_index": 685, "vertex_part": 0, "vertex_part_index": 685, "distance": 17.35874008893629, "angle": 235.08338401255335 }, "geometry": { "type": "Point", "coordinates": [ 4.862706, 52.355719, 353.0 ] } },
{ "type": "Feature", "properties": { "Name": "PH-NXH", "description": null, "timestamp": null, "begin": "2025-05-24T11:24:59.393Z", "end": "2025-05-24T13:41:05.445Z", "altitudeMode": null, "tessellate": -1, "extrude": 0, "visibility": -1, "drawOrder": null, "icon": null, "vertex_index": 686, "vertex_part": 0, "vertex_part_index": 686, "distance": 17.364402065711229, "angle": 234.80836035437349 }, "geometry": { "type": "Point", "coordinates": [ 4.858076, 52.35246, 323.0 ] } },
{ "type": "Feature", "properties": { "Name": "PH-NXH", "description": null, "timestamp": null, "begin": "2025-05-24T11:24:59.393Z", "end": "2025-05-24T13:41:05.445Z", "altitudeMode": null, "tessellate": -1, "extrude": 0, "visibility": -1, "drawOrder": null, "icon": null, "vertex_index": 687, "vertex_part": 0, "vertex_part_index": 687, "distance": 17.370935502479121, "angle": 235.08039426845997 }, "geometry": { "type": "Point", "coordinates": [ 4.85274, 52.34869, 292.0 ] } },
{ "type": "Feature", "properties": { "Name": "PH-NXH", "description": null, "timestamp": null, "begin": "2025-05-24T11:24:59.393Z", "end": "2025-05-24T13:41:05.445Z", "altitudeMode": null, "tessellate": -1, "extrude": 0, "visibility": -1, "drawOrder": null, "icon": null, "vertex_index": 688, "vertex_part": 0, "vertex_part_index": 688, "distance": 17.377592739143079, "angle": 235.23325356159279 }, "geometry": { "type": "Point", "coordinates": [ 4.84726, 52.34491, 262.0 ] } },
{ "type": "Feature", "properties": { "Name": "PH-NXH", "description": null, "timestamp": null, "begin": "2025-05-24T11:24:59.393Z", "end": "2025-05-24T13:41:05.445Z", "altitudeMode": null, "tessellate": -1, "extrude": 0, "visibility": -1, "drawOrder": null, "icon": null, "vertex_index": 689, "vertex_part": 0, "vertex_part_index": 689, "distance": 17.383828489699351, "angle": 235.09372635338971 }, "geometry": { "type": "Point", "coordinates": [ 4.842148, 52.341339, 231.0 ] } },
{ "type": "Feature", "properties": { "Name": "PH-NXH", "description": null, "timestamp": null, "begin": "2025-05-24T11:24:59.393Z", "end": "2025-05-24T13:41:05.445Z", "altitudeMode": null, "tessellate": -1, "extrude": 0, "visibility": -1, "drawOrder": null, "icon": null, "vertex_index": 690, "vertex_part": 0, "vertex_part_index": 690, "distance": 17.390152317654, "angle": 234.97681719575863 }, "geometry": { "type": "Point", "coordinates": [ 4.83696, 52.337723, 201.0 ] } },
{ "type": "Feature", "properties": { "Name": "PH-NXH", "description": null, "timestamp": null, "begin": "2025-05-24T11:24:59.393Z", "end": "2025-05-24T13:41:05.445Z", "altitudeMode": null, "tessellate": -1, "extrude": 0, "visibility": -1, "drawOrder": null, "icon": null, "vertex_index": 691, "vertex_part": 0, "vertex_part_index": 691, "distance": 17.397056755719479, "angle": 235.04254667507979 }, "geometry": { "type": "Point", "coordinates": [ 4.831316, 52.333746, 170.0 ] } },
{ "type": "Feature", "properties": { "Name": "PH-NXH", "description": null, "timestamp": null, "begin": "2025-05-24T11:24:59.393Z", "end": "2025-05-24T13:41:05.445Z", "altitudeMode": null, "tessellate": -1, "extrude": 0, "visibility": -1, "drawOrder": null, "icon": null, "vertex_index": 692, "vertex_part": 0, "vertex_part_index": 692, "distance": 17.403264625321839, "angle": 235.27382841385025 }, "geometry": { "type": "Point", "coordinates": [ 4.826215, 52.330208, 140.0 ] } },
{ "type": "Feature", "properties": { "Name": "PH-NXH", "description": null, "timestamp": null, "begin": "2025-05-24T11:24:59.393Z", "end": "2025-05-24T13:41:05.445Z", "altitudeMode": null, "tessellate": -1, "extrude": 0, "visibility": -1, "drawOrder": null, "icon": null, "vertex_index": 693, "vertex_part": 0, "vertex_part_index": 693, "distance": 17.40968379614057, "angle": 235.25511740836447 }, "geometry": { "type": "Point", "coordinates": [ 4.820938, 52.326553, 109.0 ] } },
{ "type": "Feature", "properties": { "Name": "PH-NXH", "description": null, "timestamp": null, "begin": "2025-05-24T11:24:59.393Z", "end": "2025-05-24T13:41:05.445Z", "altitudeMode": null, "tessellate": -1, "extrude": 0, "visibility": -1, "drawOrder": null, "icon": null, "vertex_index": 694, "vertex_part": 0, "vertex_part_index": 694, "distance": 17.415678975537389, "angle": 234.88615814860725 }, "geometry": { "type": "Point", "coordinates": [ 4.816014, 52.323133, 79.0 ] } },
{ "type": "Feature", "properties": { "Name": "PH-NXH", "description": null, "timestamp": null, "begin": "2025-05-24T11:24:59.393Z", "end": "2025-05-24T13:41:05.445Z", "altitudeMode": null, "tessellate": -1, "extrude": 0, "visibility": -1, "drawOrder": null, "icon": null, "vertex_index": 695, "vertex_part": 0, "vertex_part_index": 695, "distance": 17.42290400813247, "angle": 234.79349982961 }, "geometry": { "type": "Point", "coordinates": [ 4.810128, 52.318943, 56.0 ] } },
{ "type": "Feature", "properties": { "Name": "PH-NXH", "description": null, "timestamp": null, "begin": "2025-05-24T11:24:59.393Z", "end": "2025-05-24T13:41:05.445Z", "altitudeMode": null, "tessellate": -1, "extrude": 0, "visibility": -1, "drawOrder": null, "icon": null, "vertex_index": 696, "vertex_part": 0, "vertex_part_index": 696, "distance": 17.42826596346611, "angle": 235.10473721415903 }, "geometry": { "type": "Point", "coordinates": [ 4.805734, 52.31587, 33.0 ] } },
{ "type": "Feature", "properties": { "Name": "PH-NXH", "description": null, "timestamp": null, "begin": "2025-05-24T11:24:59.393Z", "end": "2025-05-24T13:41:05.445Z", "altitudeMode": null, "tessellate": -1, "extrude": 0, "visibility": -1, "drawOrder": null, "icon": null, "vertex_index": 697, "vertex_part": 0, "vertex_part_index": 697, "distance": 17.43520939381429, "angle": 235.81855949751031 }, "geometry": { "type": "Point", "coordinates": [ 4.800034, 52.311905, 3.0 ] } },
{ "type": "Feature", "properties": { "Name": "PH-NXH", "description": null, "timestamp": null, "begin": "2025-05-24T11:24:59.393Z", "end": "2025-05-24T13:41:05.445Z", "altitudeMode": null, "tessellate": -1, "extrude": 0, "visibility": -1, "drawOrder": null, "icon": null, "vertex_index": 698, "vertex_part": 0, "vertex_part_index": 698, "distance": 17.436373158824932, "angle": 235.62708175315873 }, "geometry": { "type": "Point", "coordinates": [ 4.799064, 52.311262, 3.0 ] } },
{ "type": "Feature", "properties": { "Name": "PH-NXH", "description": null, "timestamp": null, "begin": "2025-05-24T11:24:59.393Z", "end": "2025-05-24T13:41:05.445Z", "altitudeMode": null, "tessellate": -1, "extrude": 0, "visibility": -1, "drawOrder": null, "icon": null, "vertex_index": 699, "vertex_part": 0, "vertex_part_index": 699, "distance": 17.43992725744484, "angle": 162.39701397537542 }, "geometry": { "type": "Point", "coordinates": [ 4.79616, 52.309213, 3.0 ] } },
{ "type": "Feature", "properties": { "Name": "PH-NXH", "description": null, "timestamp": null, "begin": "2025-05-24T11:24:59.393Z", "end": "2025-05-24T13:41:05.445Z", "altitudeMode": null, "tessellate": -1, "extrude": 0, "visibility": -1, "drawOrder": null, "icon": null, "vertex_index": 700, "vertex_part": 0, "vertex_part_index": 700, "distance": 17.43992725744484, "angle": 90.0 }, "geometry": { "type": "Point", "coordinates": [ 4.79616, 52.309213, 3.0 ] } }
]
}
